egid,period,class,area_era_m2,is_hotwater_system,x,y,z,transformer,gas_grid,h2_grid,geothermal_well,system_heating,system_heating2,thermal_k1_cooling_W_m2_K,energy_heating_signature_kWh_y,energy_cooling_signature_kWh_y,power_heating_signature_kW,power_cooling_signature_kW,id_building,total_annual_irr_kWh_y,roof_annual_irr_kWh_y,facade_annual_irr_kWh_y,area_solar_m2,energy_hotwater_signature_kWh_y,power_hotwater_signature_W,waste_signature_kg_y,waste_signature_kW,temperature_threshold_cooling_C,temperature_threshold_heating_C,temperature_cooling_supply_C,temperature_cooling_return_C,temperature_heating_supply_C,temperature_heating_return_C,temperature_hotwater_supply_C,temperature_hotwater_return_C,area_net_floor_m2,area_footprint_m2,area_facade_m2,area_facade_solar_m2,area_roof_solar_m2,temperature_interior_C,capita_cap,ratio,status,source_heating,source_hotwater,system_hotwater,id_class,solar_gain_factor_signature_m2,thermal_specific_capacity_Wh_m2_K,energy_el_kWh_y,thermal_transmittance_signature_kW_m2_K,count_floor,height_m,length_footprint_m,length_footprint_facade_m,area_roof_m2,energy_heating_2024_kWh_y,energy_hotwater_2024_kWh_y
"280001550",1981-1990,Education,"23184.9",true,"2534448.83786545","1152845.50461321","389.35","3216",true,false,,Heat exchanger (DHN included) for single building,Not documented,"0.37","2553502.1622768","45908.2350108","1129.568328","118.3820994","1897254","13878204","9568311","4309893","16476.2309648965","41216.4838517739","13174.6677106906","0","0","18","14.2","12","17","65","50","60","15","18622.4096385542","8033.15115709091","8697.8","8443.06938249531","8033.16158240123","20","6058.2689070568","1","['existing', 'existing', 'existing', 'existing', 'existing', 'existing', 'existing', 'existing', 'existing']",District heat,Gas,Boiler,IV,"0.116443112277611","112.9","1022519.26843374","0.00203","3","14.03","619.941614395839","619.944576646751","8033.16158240123","1649479.93373494",
"9020492",<1919,Education,"554.28",false,"2534280.87831622","1152811.22385965","384.95","3216",true,false,,Not documented,Not documented,"0","36387.2758867198","0","16.0962912","0","1897287","831328","519570","311758","1175.01849002529","0","0","0","0","18","14.2","12","17","65","50","60","15","445.204819277108","301.7964209814","656.73542790717","656.725518269544","518.292971755744","20","144.834667814114","1","['existing', 'existing', 'existing', 'existing', 'existing', 'existing', 'existing', 'existing', 'existing']",Other,None,No heat generator,IV,"0.0694069782541499","112.900000000008","24445.3062168675","0.00121","2","11.3999999999999","71.9068397972435","71.9059705307851","518.292971755744","39434.0168674699",
"9020493",<1919,Education,"584.04",true,"2534298.65528047","1152880.34825354","384.34","3216",true,false,,Heat exchanger (DHN included) for single building,Not documented,"0","38340.9551289598","0","16.9605216","0","1900046","877362","588104","289258","1108.99147881356","1038.26521696501","331.87690823591","0","0","18","14.2","12","17","65","50","60","15","469.10843373494","310.921364988949","718.4","580.186997105215","528.804481708348","20","152.611025817556","1","['existing', 'existing', 'existing', 'existing', 'existing', 'existing', 'existing', 'existing', 'existing']",District heat,District heat,Heat exchanger (DHN included),IV,"0.0694069782541495","112.900000000008","25757.8058795181","0.00121","2","10.09","71.1988781000925","71.1993813238422","528.804481708348","41551.2795180723",
"280060429",>2010,Education,"1166.22",true,"2534264.16020236","1152899.70846702","385.225201205684","3216",true,false,,Heat exchanger (DHN included) for single building,Not documented,"0.59","58843.4867222401","3682.27434168","26.0300304","9.49536324","1902174","1681930","1177107","504823","1914.63749144487","3938.24940379237","1258.84409362486","0","0","18","14.2","12","17","41.5","33.9","60","15","936.722891566265","701.284910926259","906.152526675959","906.151327092204","1008.48616435267","20","354.6165232358","1","['existing', 'existing', 'existing', 'existing', 'existing', 'existing', 'existing']",District heat,District heat,Heat exchanger (DHN included),VII,"0.0512490399104582","114.550000000003","42250.8860240964","0.00093","2","9.70520120568352","110.263372629696","110.263249027544","1008.48616435267","92182.8997590361",
"9020403",1961-1970,Education,"92159.28",true,"2534445.72314854","1152693.71193607","401.095635114026","3216",true,false,,Heat exchanger (DHN included) for single building,Not documented,"0","13050121.2105715","0","5772.8572992","0","1902694","24360582","19626230","4734352","25875.9488043123","81917.141672189","26184.4539000918","0","0","18","14.2","12","17","65","50","60","15","74023.5180722892","8283.77956301251","4506.53028809289","8522.94845741259","17353.0003468998","20","12040.71832358","1","['existing', 'existing', 'existing', 'existing', 'existing', 'existing', 'existing', 'existing', 'existing']",District heat,District heat,Heat exchanger (DHN included),IV,"0.149712572928356","112.9","2032241.66515663","0.00261","6","25.9458759342793","506.715445448733","497.270551007423","8676.50017344988","3278316.55662651",
9020480/280000711,1981-1990,Education/Other,"26542.2",false,"2534057.08977726","1152724.66755628","394.389670508291","3216",true,false,,Heat exchanger (DHN included) for single building/Not documented,Not documented,"0.299215136650314","2806252.20008279","42501.4867247997","1221.57012554085","109.597226399999","1902705","21969302","20042116","1927186","19313.4399811585","0","0","0","0","18","14.6208829712684","12","17","65","50","60","15","21319.0361445783","7541.26941393322","14970.2","2681.85088400628","16631.5890971523","20.0573931324457","2855.33103270224",0.8086895585143659/0.1913104414856342,"['existing', 'existing', 'existing', 'existing', 'existing', 'existing', 'existing', 'existing', 'existing', 'existing']",District heat/Other,District heat/None,Heat exchanger (DHN included)/No heat generator,IV/XIII,"0.105352821843407","111.57995795375","526137.467951807","0.00188460406447091","2","8.9872814897069","858.484053239961","859.197828129277","8315.79454857613","913424.710843374",
"9020422",>2010,Education,"79077.9",true,"2534076.61639261","1153165.3582553","412.6","3216",true,false,,Heat pump for single building,Not documented,"0.59","3990001.33651681","249684.0408876","1765.018728","643.8522618","1902706","28363448","18485040","9878408","28789.7625561318","63899.6029230264","20425.2269160925","0","0","18","14.2","12","17","41.5","33.9","60","15","63516.3855421687","7045.41101998345","7349.59557677674","14699.1554951872","14090.6070609446","20","9392.3824010327","1","['existing', 'existing', 'existing', 'existing', 'existing', 'existing', 'existing', 'existing', 'existing']",Not determined,Gas,Boiler,IV,"0.0533458593192995","112.9","1585253.49879518","0.00093","5.54545454545455","23.91","390.029469730492","390.028724051566","7045.41101998345","2557256.29518072",
"190097749",<1919,Education,"165.54",false,"2534301.53726906","1152688.96390494","383.56","3216",true,false,,Not documented,Not documented,"0","10867.3407849599","0","4.8072816","0","1902714","268546","140660","127886","371.798373234739","0","0","0","0","18","14.2","12","17","65","50","60","15","132.963855421687","81.5767174872209","242.302981956364","242.297119170849","129.50125406389","20","43.255991394148","1","['existing', 'existing', 'existing', 'existing', 'existing', 'existing', 'existing', 'existing', 'existing']",Other,None,No heat generator,IV,"0.0700280801175087","112.900000000028","7300.77937349398","0.00121","2","9.53000000000003","40.4822234833088","40.4816082907049","129.50125406389","11777.2734939759",
"9020488",1981-1990,Education,"2468.22",false,"2534206.74619619","1152713.03405259","391.38","3216",true,false,,Not documented,Not documented,"0.37","271840.94419104","4887.30267623999","120.2516784","12.60273132","1902716","2752082","2032978","719104","2835.53730547588","0","0","0","0","18","14.2","12","17","65","50","60","15","1982.50602409639","1387.92218050052","1833.7","1270.50396320061","1565.03334227527","20","644.951691910499","1","['existing', 'existing', 'existing', 'existing', 'existing', 'existing', 'existing', 'existing', 'existing']",Other,None,No heat generator,IV,"0.116443112277613","112.900000000002","108855.440771084","0.00203","2","10.59","173.149889405702","173.149933333894","1565.03334227527","175600.471084337",
280000296/9020491/280000340,2001-2005/1961-1970,Education,"44902.26",false,"2533777.94897331","1152648.51133524","402.71275629543","10469",true,false,,Not documented,Not documented,"0.0781657760656148","5044782.72459689","27633.8658060001","2568.9394278","58.6139940000002","705789","24257110","18538414","5718696","25571.2275703404","0","0","0","0","18","14.2","12","17","65","50","60","15","36066.0722891566","13568.2289842753","33546.5547642196","11182.1769057021","14389.0506646383","20","11733.0661600688",0.21125885423139057/0.6199826022120044/0.16875854355660494,"['existing', 'existing', 'existing', 'existing', 'existing', 'existing', 'existing', 'existing', 'existing', 'existing', 'existing', 'existing', 'existing', 'existing', 'existing', 'existing', 'existing', 'existing', 'existing', 'existing', 'existing', 'existing', 'existing', 'existing', 'existing', 'existing', 'existing']",Other,None,No heat generator,IV/IV/IV,"0.150466934798272","112.9","1980315.89725301","0.00248746986454579","3","12.8427562954299","1123.25576131732","1123.25513717526","14389.0506646383","3194552.35301205",
"280001049",1981-1990,Other,"1147.62",false,"2533891.15080685","1152719.33215481","402.694442317183","10464",true,false,,Not documented,Not documented,"0","84965.3940058801","0","36.72843048","0","705793","2378348","1673765","704583","2647.60943700776","0","0","0","0","18","16.4","12","17","65","50","60","15","921.78313253012","1190.89297721299","2787.4","1256.30323145251","1391.30620555525","18","134.646179001721","1","['existing', 'existing', 'existing', 'existing', 'existing']",Other,None,No heat generator,X,"0.0219819594185658","110.510000000007","22582.7649638554","0.00127","1","7.17444231718281","388.518586504602","388.521573073703","1391.30620555525","59497.4140722892",
"280079581",>2010,Other,"2889.51",true,"2534068.9847651","1152313.25912307","380.920129237699","10480",true,false,,Heat pump for single building,Not documented,"0","116228.742474779","0","50.24279988","0","705799","4682071","3919656","762415","4612.23276910647","92805.0963768799","29664.7407144456","0","0","18","16.4","12","17","41.5","33.9","60","15","2320.89156626506","3156.17948462915","2102.8","1456.03729275649","3156.19547634998","18","533.805060240964","1","['existing', 'existing', 'existing', 'existing', 'existing', 'existing']",Not determined,Electricity,Central electrical boiler,XI,"0.0120365756015734","109.150000000003","61445.6042168675","0.00069","1","7.50275393744437","280.275653131233","280.276422679119","3156.19547634998","196927.64939759",
"3163266",1991-2000,Residential,"1432.2",true,"2533057.49754768","1152987.96313829","405.14","10506",true,false,,Heat exchanger (DHN included) for single building,Not documented,"0","136116.2536272","0","55.0766832","0","705844","1265700","533339","732361","1616.02167903042","14932.6523251516","4773.15661206447","78636.6542168675","41.6689985293572","18","15.5","12","17","65","50","60","15","1150.36144578313","399.506304020092","1216.52096026135","1216.51700537753","399.504673652892","20","114.214457831325","1","['existing', 'existing', 'existing']",District heat,Gas,Boiler,I,"0.0689697872238333","120.3","33596.3060240964","0.00152","4","14.4799999999998","107.036155768686","107.03588264135","399.506304020092","105614.684337349",
"9020499",<1919,Other,"3606.54",false,"2533120.09065068","1152726.62475481","401.67","10503",true,false,,Not documented,Not documented,"0","328943.172461401","0","125.67349284","0","705846","3674025","2468787","1205238","3908.48261019616","0","0","0","0","18","16.4","12","17","65","50","60","15","2896.81927710843","1879.7123420098","2523.7","2028.76945647655","1879.71315371961","20.3","72.4204819277108","1",['existing'],Other,None,No heat generator,XIII,"0.0554043047380207","106","75027.6192771084","0.00133","2","9.65000000000003","261.527832454196","261.52963607657","1879.71315371961","212916.21686747",
"280003083",1991-2000,Education,"434.31",false,"2533079.59542915","1153018.30527206","396.37","10506",true,false,,Not documented,Not documented,"0.37","47833.3537819199","859.973756519999","21.1595832","2.21758686","705847","827746","621207","206539","838.340622729715","0","0","0","0","18","14.2","12","17","65","50","60","15","348.843373493976","473.494571009513","625","355.953203991163","482.387418738551","20","113.486224612737","1","['existing', 'existing', 'existing', 'existing', 'existing', 'existing', 'existing', 'existing', 'existing']",Other,None,No heat generator,IV,"0.116443112277626","112.900000000011","19154.2919518072","0.00203","1","6.07999999999998","102.795848125623","102.799026586082","482.387418738551","30898.8018072289",
280000068/280000067,2001-2005,Residential,"390.6",true,"2532746.14057327","1152617.77938593","404.21","10503",true,false,,Condensation boiler for single building/Solar thermal installation for multiple buildings,Not documented,"0","37122.6146255999","0","15.0209136","0","719773","476983","265335","211648","518.117998736701","3449.68224843147","1102.67575210923","14688.4424096386","7.78330018311603","18","15.5","12","17","65","50","60","15","313.734939759036","134.882092984312","604.327555783727","302.157795533596","215.960203203105","20","21.3339759036145",0.5/0.5,"['existing', 'existing', 'existing', 'existing']",Gas,Gas,Boiler,II/II,"0.0674397525579209","119.399999999997","8169.6578313253","0.00152","3","8.27999999999997","47.2420497714529","47.2413272644157","215.960203203105","47628.1012048193",
"280056171",2006-2010,Education,"14348.97",true,"2533158.69212099","1152266.28262512","401.61","10474",true,false,,Heat pump for multiple buildings,Not documented,"0.59","602726.260759652","66654.5098455901","306.9244683","141.38040141","744065","22832631","20148902","2683729","19209.5489355633","25508.5892237878","8153.70830759118","0","0","18","14.2","12","17","41.5","33.9","60","15","11525.2771084337","15168.6494610139","10030.5739069064","4011.92774369865","15197.6211918647","20","3749.41961359725","1","['existing', 'existing', 'existing', 'existing', 'existing', 'existing', 'existing', 'existing', 'existing']",Not determined,Gas,Boiler,IV,"0.0562556561415651","112.9","632829.91546988","0.00093","1","7.63","1409.53341035415","620.720020680788","15197.6211918647","1020851.41987952",
"190094257",2001-2005,Education,"2734.2",true,"2532589.46417321","1152221.4670064","408.52","10473",true,false,,Solar thermal installation for multiple buildings,Not documented,"0.37","250693.315929","7965.0554382","127.659798","16.8946218","753931","3560853","2496802","1064051","3404.29800444764","4860.66837241222","1553.69125830073","0","0","18","14.2","12","17","65","50","60","15","2196.14457831325","1910.55724247454","1493.7550228159","1493.74807723457","1910.54992721307","20","714.452891566265","1","['existing', 'existing', 'existing', 'existing', 'existing', 'existing', 'existing', 'existing', 'existing']",Gas,Gas,Boiler,IV,"0.122794604265999","112.900000000002","120585.906506024","0.00203","2","10.52","199.43895823694","199.438298010578","1910.55724247454","194523.506024096",
"280073608",2006-2010,Education,"5665.56",true,"2532680.94205009","1152184.21275493","410.78","10473",true,false,,Heat exchanger (DHN included) for single building,Not documented,"0.59","237980.969638201","26317.92559332","121.1863284","55.82276268","753995","3394035","2041117","1352918","3617.48285157219","10071.8339199769","3219.41739645138","0","0","18","14.2","12","17","41.5","33.9","60","15","4550.65060240964","1535.82369300045","3117.1","2081.65339848079","1535.8294530914","20","1480.42415490534","1","['existing', 'existing', 'existing', 'existing', 'existing', 'existing', 'existing', 'existing', 'existing']",District heat,Gas,Boiler,IV,"0.0564382624264393","112.900000000001","249867.123277108","0.00093","4","17.45","178.632192506934","178.632693450399","1535.8294530914","403073.877108434",
"190094377",1991-2000,Education,"2005.08",true,"2532723.63528578","1152209.49235497","412.39","10473",true,false,,Heat exchanger (DHN included) for single building,Not documented,"0.37","183841.7650146","5841.04065468","93.6171852","12.38938932","753998","1617824","681516","936308","2265.29712166696","3564.49013976922","1139.37358942062","0","0","18","14.2","12","17","65","50","60","15","1610.50602409639","525.303981533816","1739.9994948958","1739.99949261977","525.29762904719","20","523.932120481928","1","['existing', 'existing', 'existing', 'existing', 'existing', 'existing', 'existing', 'existing', 'existing']",District heat,District heat,Heat exchanger (DHN included),IV,"0.122794604266","112.900000000002","88429.6647710844","0.00203","4","19.24","107.120118964977","107.12011884668","525.303981533816","142650.571084337",
9020483/9035627,1971-1980/<1919,Other,"32391.9",false,"2532823.17918033","1152466.04950861","402.875278385729","10474",true,false,,Not documented,Not documented,"0","3118151.02229727","0","1347.8992758","0","753999","9490136","7338014","2152122","9987.87125327922","0","0","0","0","18","16.4","12","17","65","50","60","15","26017.5903614458","75823.5628857045","4923435.5760736","3741.67534341011","6246.19590986911","20.2175280125811","24523.2933330465",0.026882248869667783/0.009828975820719482/0.009838804796540201/0.02643994495773541/0.009809317869078044/0.010585806958914881/0.03303518773343818/0.009288382150579911/0.010320424611755455/0.007381560841360331/0.03254373894240221/0.031609986239433854/0.019186160802044428/0.003243562020837429/0.02216434047572243/0.022449380774523294/0.008698643601336742/0.0174562610575978/0.0038234715942598784/0.011657165323373306/0.012178101041871437/0.003921761352467073/0.002614507568311382/0.0009927265578926678/0.0008551208964025949/0.038018478474542955/0.008669156673874584/0.016207981128366425/0.009917436603105957/0.019372911342638098/0.001061529388637704/0.06579516414389622/0.007637114212699037/0.030381364261843916/0.08147238057794379/0.001061529388637704/0.016797719677609593/0.001061529388637704/0.0020345979948889325/0.06949085905248674/0.0326420287006094/0.06605071751523492/0.0009730686062512286/0.00285040298800865/0.000982897582071948/0.000982897582071948/0.0009730686062512286/0.0009730686062512286/0.0009730686062512286/0.062286219775899355/0.026223707489679577/0.08830351877334383,"['existing', 'existing', 'existing', 'existing', 'existing', 'existing', 'existing', 'existing', 'existing', 'existing', 'existing', 'existing', 'existing', 'existing', 'existing', 'existing', 'existing', 'existing', 'existing', 'existing', 'existing', 'existing', 'existing', 'existing', 'existing', 'existing', 'existing', 'existing', 'existing', 'existing', 'existing', 'existing', 'existing', 'existing', 'existing', 'existing', 'existing', 'existing', 'existing', 'existing', 'existing', 'existing', 'target', 'target', 'target', 'target', 'target', 'target', 'target', 'target', 'target', 'existing', 'existing', 'existing', 'existing', 'existing', 'existing', 'existing', 'existing', 'existing', 'existing', 'existing', 'existing', 'existing', 'existing', 'existing', 'existing', 'existing', 'existing', 'existing', 'existing', 'existing', 'existing', 'existing', 'existing', 'existing', 'existing', 'existing', 'existing', 'existing', 'existing', 'existing', 'existing', 'existing', 'existing', 'existing', 'existing', 'existing', 'existing', 'existing', 'existing', 'existing', 'existing', 'existing', 'existing', 'existing', 'existing', 'existing', 'existing', 'existing']",Other,None,No heat generator,IV/XIII/XIII/XIII/XIII/XIII/XIII/XIII/XIII/XIII/XIII/XIII/XIII/XIII/XIII/XIII/XIII/XIII/XIII/XIII/XIII/XIII/XIII/XIII/XIII/IV/IV/XIII/XIII/XIII/XIII/IV/XIII/XIII/XIII/XIII/XIII/XIII/XIII/IV/XIII/IV/XIII/XIII/XIII/XIII/XIII/XIII/XIII/XIII/XIII/XIII,"0.067025971897849","107.896855710635","7663393.70443373","0.00165127906976744","3","12.7554950730287","7559.35615925428","2431.60218692929","112288.244993975","17546058.9470602",
"ai9, ",2006-2010,Residential,"2373.36",true,"2532854.50513432","1152002.66793006","401.7","10472",true,false,,Boiler for multiple buildings,Not documented,"0","103841.30916984","0","47.86829784","0","754042","1986966","900162","1086804","2288.82291403092","24745.5381388133","7909.80238570385","130312.169845095","69.0514832772204","18","15.5","12","17","41.5","33.9","60","15","1906.31325301205","679.375224005542","2109.7","1609.45523844825","679.367675582674","20","189.269672977625","1","['existing', 'existing', 'existing']",Wood,Wood,Boiler,I,"0.0398211848293411","120.3","55673.8785542169","0.00083","4","15.56","135.584269749238","135.584986479546","679.375224005542","175018.619759036",
"9035616",2001-2005,Other,"4617.45",false,"2532784.2921754","1152161.00075463","412.5","10473",true,false,,Not documented,Not documented,"0","341858.3316363","0","147.7768698","0","754045","2450974","1253193","1197781","3378.02545027363","0","0","0","0","18","16.4","12","17","65","50","60","15","3708.79518072289","978.312865511916","2399.70231626391","2399.69120196313","978.334248310498","20.3","92.7198795180723","1",['existing'],Other,None,No heat generator,XIII,"0.055557774559519","106","96057.7951807229","0.00127","5","22.21","145.288155287046","145.287654868281","978.334248310498","272596.445783133",
"9020482",1991-2000,Education,"2538.9",true,"2532774.66364286","1152209.46345011","412.63","10473",true,false,,Heat exchanger (DHN included) for single building,Not documented,"0.37","232786.6505055","7396.1229069","118.541241","15.6878631","754050","1654100","709476","944624","2340.62676779244","4513.47777438285","1442.71331127927","0","0","18","14.2","12","17","65","50","60","15","2039.27710843373","533.445883032903","1807.20477234715","1807.18584404602","533.440923746422","20","663.420542168675","1","['existing', 'existing', 'existing', 'existing', 'existing', 'existing', 'existing', 'existing', 'existing']",District heat,District heat,Heat exchanger (DHN included),IV,"0.122794604265999","112.900000000002","111972.62746988","0.00203","5","21.08","107.765115814834","107.764217887835","533.445883032903","180628.969879518",
"280075118",2006-2010,Residential,"2239.44",true,"2532901.48699536","1152042.88013097","402.03","10472",true,false,,Boiler for multiple buildings,Not documented,"0","97981.9249533604","0","45.16726536","0","754082","1851988","845433","1006555","2155.37319805066","23349.2381811381","7463.48124795279","122959.132048193","65.155161336813","18","15.5","12","17","41.5","33.9","60","15","1798.74698795181","637.585161526359","1517.7918558171","1517.79143747945","637.581760571216","20","178.589879518072","1","['existing', 'existing', 'existing']",Wood,Wood,Boiler,I,"0.0399559652199864","120.3","52532.4057831325","0.00083","4","15.41","129.314855003389","129.314827856234","637.585161526359","165142.960963855",
"280075117",2006-2010,Residential,"2254.32",true,"2532939.78367579","1152056.65773348","402.16","10472",true,false,,Boiler for multiple buildings,Not documented,"0","98632.9676440804","0","45.46738008","0","754086","1904945","874521","1030424","2221.88889411421","23504.3826208798","7513.07248548068","123776.136247849","65.5880859968583","18","15.5","12","17","41.5","33.9","60","15","1810.69879518072","659.524212992599","1562.37126363943","1562.37043084878","659.518463265428","20","179.7765232358","1","['existing', 'existing', 'existing']",Wood,Wood,Boiler,I,"0.0398211848293411","120.3","52881.458313253","0.00083","4","15.55","133.480605098693","133.480551543025","659.524212992599","166240.256385542",
"280075116",2006-2010,Residential,"2254.32",true,"2532977.80482966","1152068.23693399","402.56","10472",true,false,,Boiler for multiple buildings,Not documented,"0","98632.9676440804","0","45.46738008","0","754088","1962237","874522","1087715","2268.3290043841","23504.3826208798","7513.07248548068","123776.136247849","65.5880859968583","18","15.5","12","17","41.5","33.9","60","15","1810.69879518072","659.523187461516","1608.83084637722","1608.81050047897","659.518503905126","20","179.7765232358","1","['existing', 'existing', 'existing']",Wood,Wood,Boiler,I,"0.0398211848293411","120.3","52881.458313253","0.00083","4","15.85","133.479623556523","133.478339903637","659.523187461516","166240.256385542",
"280058260",2006-2010,Tourism,"2176.2",true,"2533087.51239013","1152074.75704445","400.32","10474",true,false,,Solar thermal installation for multiple buildings,Not documented,"1.31","102759.994256399","22445.3768526","44.4205944","47.6087274","754137","1509836","752287","757549","1649.07934797007","22689.8743122359","7252.71848845924","0","0","18","16.4","12","17","41.5","33.9","60","15","1747.95180722892","591.628882487009","1535.3","1057.43866555035","591.640682419723","20","173.546643717728","1","['existing', 'existing', 'existing']",Gas,Solar (thermal),Solar thermal installation,I,"0.0295589155529329","120.3","51048.9325301205","0.00081","4","14.02","109.505811099333","109.507839723285","591.640682419723","160479.455421687",
9020486/280003145,1991-2000,Education,"18255.9",false,"2533521.41801846","1152386.94984316","415.63","10478",true,false,,Not documented,Not documented,"0.37","1673846.8679205","53181.6456639","852.367971","112.8032061","754243","9422943","4850357","4572586","13189.808450838","0","0","0","0","18","14.2","12","17","65","50","60","15","14663.3734939759","4249.61863947032","17875.1662280491","8937.56633372202","4252.24211711595","20","4770.30961273666",0.8879266428935303/0.11207335710646969,"['existing', 'existing', 'existing', 'existing', 'existing', 'existing', 'existing', 'existing', 'existing', 'existing', 'existing', 'existing', 'existing', 'existing', 'existing', 'existing', 'existing', 'existing']",Other,None,No heat generator,IV/IV,"0.122794604265997","112.900000000001","805136.511807229","0.00203","5","22.94","472.927878514764","472.927147028167","4252.24211711595","1298808.30722892",
"9082087",1991-2000,Industrial,"3135.96",false,"2533467.10067516","1152258.18625475","415.799191425215","10474",true,false,,Not documented,Not documented,"0","219377.4616224","0","94.8314304","0","754258","1976211","730536","1245675","3278.29245556147","0","0","0","0","18","16.4","12","17","65","50","60","15","2518.84337349398","572.584934172892","2631.82759821461","2631.81260698486","646.479848576609","18","550.547194492255","1","['existing', 'existing', 'existing', 'existing', 'existing', 'existing', 'existing', 'existing']",Other,None,No heat generator,IX,"0.0194766780640823","112.510000000003","195761.988144578","0.0012","6","24.4391914252153","127.679127739188","127.678514329788","646.479848576609","154294.269686747",
"9082080",1971-1980,Other,"22531.11",false,"2533541.52892534","1152581.28810482","419.13","10469",true,false,,Not documented,Not documented,"0","2337991.00871192","0","1010.65547016","0","754298","5221123","3894207","1326916","6261.6254179662","0","0","0","0","18","16.4","12","17","65","50","60","15","18097.2771084337","3438.87570849914","10089.1","2822.79627719601","3438.82914077019","20.3","452.431927710843","1",['existing'],Other,None,No heat generator,XIII,"0.0778683769416898","106","468719.477108434","0.00178","7","30.16","334.51839689685","334.518697067571","3438.87570849914","1330149.86746988",
796959/280000593,1991-2000,Education/Commercial,"22885.44",false,"2533652.14910448","1152397.35685061","416.38","10478",true,false,,Heat exchanger (DHN included) for single building/Not documented,Not documented,"4.57126788036409","1273549.3087212","823669.033489437","583.676893920158","1747.07846255999","754389","5753843","4176281","1577562","6108.20160766832","0","0","0","0","18","16.0559817945384","12","17","65","50","60","15","18381.8795180723","3351.53019403492","12754.8","2662.54013180362","3445.66147586469","20","4867.35834079174",0.15637191157347208/0.8436280884265279,"['existing', 'existing', 'existing', 'existing', 'existing', 'existing', 'existing', 'existing', 'existing', 'existing', 'existing', 'existing', 'existing', 'existing', 'existing', 'existing']",District heat/Other,Electricity/None,Central electrical boiler/No heat generator,IV/V,"0.0455272958637779","109.483306241873","952880.557686747","0.00102608257477244","5.3745123537061","24.77","257.466087904678","257.466509442225","3445.66147586469","1281288.38457831",
"796954",1919-1945,Residential,"265.05",true,"2533714.90324059","1152355.48175274","399.8","10478",true,false,,Solar thermal installation for multiple buildings,Not documented,"0","28223.2889343","0","13.0102443","0","754449","322578","182304","140274","353.021738137023","2340.85581142537","748.24426035655","9967.15734939759","5.2815251242573","18","15.5","12","17","65","50","60","15","212.89156626506","94.4952500027884","200.567795012369","200.56246003539","152.459278101633","20","14.4766265060241","1","['existing', 'existing']",Gas,Electricity,Central electrical boiler,II,"0.0946438296841648","119.399999999998","5543.69638554217","0.00202","3","8.43000000000001","38.908175173306","38.9075423171994","152.459278101633","32319.0686746988",
"796955",1919-1945,Residential,"176.7",true,"2533733.2966342","1152364.17462914","399.91","10478",true,false,,Solar thermal installation for multiple buildings,Not documented,"0","18815.5259562","0","8.6734962","0","754450","317224","181056","136168","349.770314733427","1560.57054095983","498.82950690743","6644.77156626506","3.52101674950487","18","15.5","12","17","65","50","60","15","141.927710843373","93.9362349921645","198.099887874629","198.091223517681","151.679091215745","20","9.6510843373494","1","['existing', 'existing']",Gas,Gas,Boiler,II,"0.0946438296841599","119.399999999997","3695.79759036145","0.00202","2","8.42000000000002","38.805317656453","38.8042886354378","151.679091215745","21546.0457831325",
801252/801250/801251,1981-1990,Residential,"510.57",true,"2533768.16756556","1152311.45726056","395.99","10478",true,false,,Solar thermal installation for multiple buildings,Not documented,"0","40909.7970295199","0","18.85841352","0","754480","612463","349525","262938","711.947721906008","4509.22751046079","1441.35473311775","19199.8925783133","10.1738852393588","18","15.5","12","17","65","50","60","15","410.096385542169","178.238580646232","1269.97226693084","423.316283262969","288.631438643039","20","27.8865542168675",0.33879781420765026/0.3224043715846995/0.33879781420765026,"['existing', 'existing', 'existing', 'existing', 'existing', 'existing']",Gas,Electricity/Gas,Central electrical boiler/Boiler,II/II/II,"0.0712171391682793","119.399999999996","10678.9098795181","0.00152","3","8.78000000000009","64.6222696608214","64.6213806273386","288.631438643039","62256.7322891566",
280002239/9082079/280000382,1981-1990,Education,"15711.42",false,"2533878.78329117","1152538.42050836","402.647746040469","10469",true,false,,Not documented/Heat exchanger (DHN included) for single building,Not documented,"0.37","1440548.5984029","45769.26754182","733.5661998","97.08086418","754534","7502525","6817313","685212","7007.75464443275","0","0","0","0","18","14.2","12","17","65","50","60","15","12619.6144578313","5721.31264131767","5291.6260257558","1214.00424680756","5793.75039762519","20","4105.43100344234",0.06866343080383568/0.6560909198532023/0.275245649342962,"['existing', 'existing', 'existing', 'existing', 'existing', 'existing', 'existing', 'existing', 'existing', 'existing', 'existing', 'existing', 'existing', 'existing', 'existing', 'existing', 'existing', 'existing', 'existing', 'existing', 'existing', 'existing', 'existing', 'existing', 'existing', 'existing', 'existing']",Other/District heat,None/District heat,No heat generator/Heat exchanger (DHN included),IV/IV/IV,"0.122794604265998","112.900000000001","692917.790650602","0.00203","2","8.38070727744662","459.910384976037","394.298846843592","5793.75039762519","1117782.35060241",
"801266",<1919,Residential,"566.37",true,"2533859.73621791","1152332.9694386","391.77","10478",true,false,,Solar thermal installation for multiple buildings,Not documented,"0","54038.99454471","0","24.91065171","0","754555","582800","371880","210920","659.644487281658","5905.18523768218","1887.56647841006","31097.2223493976","16.4781948729731","18","15.5","12","17","65","50","60","15","454.915662650602","213.469310143449","497.9","349.263315921546","310.381171360113","20","45.1666265060241","1","['existing', 'existing', 'existing']",Oil,Oil,Boiler,I,"0.0868389693266341","120.3","13285.8119277108","0.00181","3","7.81999999999999","63.6684266907731","68.2225939626599","310.381171360113","41765.8069879518",
"796956",1919-1945,Residential,"251.1",true,"2533868.57938674","1152415.46563836","400.9","10469",true,false,,Heat exchanger (DHN included) for single building,Not documented,"0","26737.8526746","0","12.3254946","0","754557","421635","222463","199172","504.882877277508","2217.65287398345","708.862983496163","9442.57012048193","5.00355011771745","18","15.5","12","17","65","50","60","15","201.686746987952","123.066934490893","429.2","324.471087486926","180.411789790582","20","13.7146987951807","1","['existing', 'existing']",District heat,District heat,Heat exchanger (DHN included),II,"0.0946438296841643","119.399999999998","5251.92289156627","0.00202","2","9.59999999999997","44.7090754118937","44.7091136433557","180.411789790582","30618.065060241",
"796958",1946-1960,Residential,"254.82",true,"2533929.58565773","1152493.1411542","401.21","10469",true,false,,Solar thermal installation for multiple buildings,Not documented,"0","27133.96901052","0","12.50809452","0","754625","398328","245634","152694","416.285903826793","2250.50699063463","719.3646573256","9582.46004819277","5.07767678612807","18","15.5","12","17","65","50","60","15","204.674698795181","140.550584505021","405.9","223.002395575903","193.28350825089","20","13.9178795180723","1","['existing', 'existing']",Oil,Oil,Boiler,II,"0.0946438296841644","119.399999999998","5329.72915662651","0.00202","2","7.77999999999997","52.1755128644342","52.1762749545085","193.28350825089","31071.6660240964",
"796957",1946-1960,Residential,"232.5",true,"2533964.44091376","1152468.58869358","397.23263212344","10480",true,false,,Heat exchanger (DHN included) for single building,Not documented,"0","24757.270995","0","11.412495","0","754687","339346","207719","131627","375.034829754165","2053.38229072754","656.354614348979","8743.12048192771","4.6329167756643","18","15.5","12","17","65","50","60","15","186.746987951807","134.931847168711","375.8","204.406764996025","170.62806475814","20","12.6987951807229","1","['existing', 'existing']",District heat,District heat,Heat exchanger (DHN included),II,"0.0946438296841634","119.399999999997","4862.89156626506","0.00202","2","7.44263212344043","50.4868996498203","60.3557157020414","170.62806475814","28350.0602409638",
190097752/280002146,1991-2000,Other,"2750.01",false,"2534018.59983068","1152368.76978409","383.768904663696","10480",true,false,,Heat exchanger (DHN included) for single building/Not documented,Not documented,"0","203600.21886174","0","88.01132004","0","754727","3670654","3199162","471492","3487.46090021746","0","0","0","0","18","16.4","12","17","65","50","60","15","2208.84337349398","2443.97088266149","1975.56802042311","987.771134760807","2499.68976545665","18.4682448427461","415.848192771084",0.7964152857625972/0.20358471423740276,"['existing', 'existing', 'existing', 'existing', 'existing', 'existing', 'existing']",District heat/Other,District heat/None,Heat exchanger (DHN included)/No heat generator,XI/XIII,"0.0288020924876354","108.508708150155","58220.5584337349","0.00127","1","7.5089265498213","214.158024799966","214.156310114031","2499.68976545665","182316.415662651",
"9020490",1971-1980,Other,"3936.69",false,"2534326.78205005","1152635.8957548","387.91","10481",true,false,,Not documented,Not documented,"0","408499.440288834","0","176.58416664","0","755069","2569861","1807386","762475","2809.73043504319","0","0","0","0","18","16.4","12","17","65","50","60","15","3162","1379.81961548685","1417.62814854706","1417.62250798864","1392.10792705455","20.3","79.05","1",['existing'],Other,None,No heat generator,XIII,"0.0778683769416898","106","81895.8","0.00178","3","14.0600000000001","148.5840060292","148.583604851503","1392.10792705455","232407",
"796473",1981-1990,Residential,"260.4",true,"2532709.55997827","1152540.4533725","402.84","10503",true,false,,Condensation boiler for single building,Not documented,"0","24748.4097504","0","10.0139424","0","758449","438392","275649","162743","484.986987671372","2299.7881656114","735.117168069754","9792.29493975904","5.18886678874402","18","15.5","12","17","65","50","60","15","209.156626506024","136.98951650046","355.3","252.786425298173","232.200562373199","20","14.2226506024096","1","['existing', 'existing']",Gas,Gas,Boiler,II,"0.0674397525579231","119.399999999998","5446.43855421687","0.00152","2","7.25999999999999","48.9421719937601","48.9427533962742","232.200562373199","31752.0674698795",
"796482",1971-1980,Residential,"381.3",true,"2532725.76562616","1152574.28855","403.272799514425","10503",true,false,,Solar thermal installation for multiple buildings,Not documented,"0","49828.2714170999","0","20.1620001","0","758450","705560","473192","232368","838.377665291744","3367.54695677477","1076.42156752645","14338.7175903614","7.59798351208945","18","15.5","12","17","65","50","60","15","306.265060240964","237.521586662229","428.398098865333","428.394324716883","409.983340574861","20","20.8260240963855","1","['existing', 'existing']",Gas,Gas,Boiler,II,"0.0927296597671488","119.399999999998","7975.1421686747","0.00209","2","6.15699457197758","92.8125842467177","92.8119712612089","409.983340574861","46494.0987951807",
796490/280006228/280110847,1919-1945/<1919,Residential/Other,"2364.99",false,"2532811.22063298","1152891.27698063","405.161421766875","10505",true,false,,Solar thermal installation for multiple buildings/Not documented,Not documented,"0","290415.319925214","0","117.156282403458","0","758499","2078668","1293246","785422","2324.71324432806","0","0","74995.8704835136","39.7397733665922","18","15.5898938261896","12","17","65","50","60","15","1899.59036144578","1075.00740597711","3652.99482845524","1217.63122105099","1107.08202327706","20.0299646087299","121.013542168675",0.9001179709005113/0.09673613841918995/0.00314589068029886,"['existing', 'existing', 'existing', 'existing']",Oil/Other,Oil/None,Boiler/No heat generator,II/XIII/XIII,"0.0869476601542506","118.061580810065","49438.7701204819","0.0019510813999213","2.80023594180088","6.86607464063809","269.728007147744","269.723095787296","1107.08202327706","273518.669638554",
"796993",<1919,Other,"504.06",false,"2532806.20033383","1152945.50023233","408.622561379038","10505",true,false,,Not documented,Not documented,"0","45974.0070846001","0","17.56447476","0","758560","649288","407207","242081","732.195318634517","0","0","0","0","18","16.4","12","17","65","50","60","15","404.867469879518","279.238564424043","701.3","373.82798991379","358.367328720727","20.3","10.121686746988","1",['existing'],Other,None,No heat generator,XIII,"0.0554043047380207","106","10486.0674698795","0.00133","2","9.39256137903783","74.6603499816477","77.9737911499708","358.367328720727","29757.7590361446",
280078313/280078314,>2010,Education/Residential,"70668.84",true,"2532982.9232908","1152780.06958956","410.979527481073","10503",true,false,,Heat pump for single building/Heat exchanger (DHN included) for single building,Not documented,"0.184210006843186","3635710.95588112","69666.6337770002","1515.09463988686","179.6471235","758636","26276486","21788287","4488199","27411.9930180088","515962.018624126","164924.98902032","4565618.10444402","2419.28825653008","18","15.0941135442438","12","17","41.5","33.9","60","15","56762.1204819277","18736.075016446","21888.103277987","8224.16694567585","19187.8260723329","20","9641.53796471601",0.3122203505816708/0.6877796494183293,"['existing', 'existing', 'existing', 'existing', 'existing', 'existing', 'existing', 'existing', 'existing', 'existing', 'existing', 'existing']",Not determined/District heat,Solar (thermal),Solar thermal installation,IV/I,"0.0426913483274688","117.989569405696","2113253.72686747","0.000861222035058167","7.75111859767332","22.1978384651381","935.151726533731","812.622467768773","19187.8260723329","5153998.6760241",
"796492",1961-1970,Residential,"758.88",true,"2532951.19460075","1152928.79899956","410.01","10506",true,false,,Solar thermal installation for multiple buildings,Not documented,"0","95848.9162588801","0","38.78332128","0","758669","952929","444164","508765","1238.20102372486","7912.36642684025","2529.15311392721","41667.2141824441","22.0791576623087","18","15.5","12","17","65","50","60","15","609.542168674699","265.387526977383","891.407477992436","891.392180651825","346.808843073031","20","60.5188296041308","1","['existing', 'existing', 'existing']",Gas,Solar (thermal),Solar thermal installation,I,"0.0916572172316722","120.3","17801.6790361446","0.00202","3","15.9","69.8849259146214","69.8839638177276","346.808843073031","55962.0665060241",
280063288/3163249/3163248/3163250,1991-2000,Education/Residential,"3413.1",false,"2532984.5387873","1152998.06512175","409.49","10506",true,false,,Not documented/Heat exchanger (DHN included) for single building,Not documented,"0.20002179836511","352235.714980318","3653.50735103977","150.754476655519","9.42118271999941","758708","3130468","1887616","1242852","3886.04858931973","0","0","192048.360438977","101.765047462824","18","14.7972207084469","12","17","65","50","60","15","2741.44578313253","1614.4983239358","20878.4","2261.10698975348","1624.94159956625","20","607.176777969019",0.12942779291553133/0.27520435967302453/0.054768392370572204/0.5405994550408719,"['existing', 'existing', 'existing', 'existing', 'existing', 'existing', 'existing', 'existing', 'existing', 'existing', 'existing', 'existing', 'existing', 'existing', 'existing', 'existing', 'existing', 'existing']",Other/District heat,None/Gas,No heat generator/Boiler,I/I/I/IV,"0.0956088567973365","116.299564032699","118156.389445783","0.00179570572207083","4.24032697547678","16.7499999999999","311.619453834252","311.621789686466","1624.94159956625","246897.78939759",
3163246/3163247,1991-2000,Residential,"4836",true,"2533011.94773742","1153075.70742912","407.39","10506",true,false,,Heat exchanger (DHN included) for single building,Not documented,"0","459613.323935999","0","185.973216","0","758709","1880013","847217","1032796","2507.20770569325","50421.9429160767","16117.1521965751","265526.364888124","140.700514514712","18","15.5","12","17","65","50","60","15","3884.33734939759","646.425958966478","4792.6","1853.34257273997","653.865132953283","20","385.659208261618",0.5/0.5,"['existing', 'existing', 'existing', 'existing', 'existing', 'existing']",District heat,Gas,Boiler,I/I,"0.0689697872238336","120.3","113442.072289157","0.00152","4","14.09","170.068180801414","170.070381372049","653.865132953283","356621.012048193",
9020449/3163267,1991-2000,Education/Residential,"2072.97",true,"2533036.18531871","1153077.38941299","404.51","10506",true,false,,Heat exchanger (DHN included) for single building,Not documented,"0.276877523553154","220433.245454159","3071.5979140799","95.8989099793804","7.92063143999975","758732","2320644","1118583","1202061","2904.00492323829","6755.74664679271","2159.44469036204","75177.0162650465","39.8357612157634","18","14.5271870794078","12","17","65","50","60","15","1665.03614457831","841.663661536915","6013.4","2062.33257947826","841.672343760026","20","433.838757314974",0.7483176312247644/0.25168236877523553,"['existing', 'existing', 'existing', 'existing', 'existing', 'existing', 'existing', 'existing', 'existing', 'existing', 'existing']",District heat,Gas,Boiler,IV/II,"0.104633879807931","114.535935397041","79326.3735903614","0.00190164199192462","3","14.1099999999999","213.089247374158","213.089443582584","841.672343760026","173979.850843373",
"3163269",1991-2000,Residential,"1428.48",true,"2533057.85270418","1152914.08703674","405.23","10506",true,false,,Heat exchanger (DHN included) for single building,Not documented,"0","135762.70491648","0","54.93362688","0","758745","1249695","535496","714199","1631.41913069803","14893.8662152162","4760.7588026825","78432.4031669535","41.5607673643458","18","15.5","12","17","65","50","60","15","1147.3734939759","403.549596520919","1573.6","1227.88015684965","403.538973848378","20","113.917796901893","1","['existing', 'existing', 'existing']",District heat,Gas,Boiler,I,"0.0689697872238333","120.3","33509.0428915663","0.00152","4","14.6600000000001","107.341597996257","107.341757561924","403.549596520919","105340.360481928",
"3163268",1991-2000,Residential,"1428.48",true,"2533057.53769658","1152949.80100013","405.17","10506",true,false,,Heat exchanger (DHN included) for single building,Not documented,"0","135762.70491648","0","54.93362688","0","758746","1267992","537316","730676","1622.0862239443","14893.8662152162","4760.7588026825","78432.4031669535","41.5607673643458","18","15.5","12","17","65","50","60","15","1147.3734939759","402.471202518741","1219.60318443975","1219.60223893455","402.483985009743","20","113.917796901893","1","['existing', 'existing', 'existing']",District heat,Gas,Boiler,I,"0.0689697872238333","120.3","33509.0428915663","0.00152","4","14.6","107.043553311288","107.043488550659","402.483985009743","105340.360481928",
