h,280065226,280082734,280091601,3104398,3104405,3104571,3104580,829040,829041,829043,829044,829045,829046,829047,829048,829049,829050,829051,829052,829053,829054,829055,829056,829057,829058,829059,829062,829063,829065,829066,829067,829080,829081,829082,829691,829692,829693,829694,829695,829696,829697,829698,829700,829713,12345678
2005-02-20 00:00:00,564.0,4229.5,1868.25,512.25,441.25,3259.5,347.75,382.5,629.75,710.5,2570.5,660.25,544.25,309.5,501.25,392.75,606.0,339.75,516.0,213.0,528.75,276.25,220.25,719.25,221.25,14669.0,1875.0,1732.0,2254.5,4825.5,1697.5,9509.25,1326.5,4792.0,720.0,436.75,743.5,971.5,186.75,426.25,867.25,1950.25,303.75,712.5,51655.0
2005-02-20 01:00:00,522.75,3807.25,1582.75,275.25,592.0,3369.25,344.75,432.5,244.25,734.75,2490.75,187.75,576.0,361.5,459.0,437.75,422.75,562.25,628.25,310.25,551.5,307.75,167.0,499.5,263.25,16102.75,1584.75,1669.0,1592.5,3776.0,1351.5,9017.5,993.25,4684.25,530.0,580.25,791.75,697.25,239.75,487.5,1003.0,1749.0,195.5,421.5,47076.0
2005-02-20 02:00:00,538.75,3573.75,1585.75,257.0,474.5,3094.25,303.25,597.75,134.25,656.5,2624.0,242.25,608.5,297.5,489.0,613.0,419.25,442.5,476.0,349.25,554.25,295.75,237.0,666.25,215.5,16290.75,1579.5,1560.25,1548.25,3692.25,1874.5,8782.5,946.75,4515.0,692.25,444.75,786.5,466.5,154.75,319.0,892.25,2312.0,338.75,885.75,47362.75
2005-02-20 03:00:00,575.75,3927.75,1585.0,254.5,428.75,3508.5,330.0,470.0,246.75,728.75,2731.25,211.75,846.0,286.25,480.5,406.25,366.5,401.0,464.75,401.0,492.75,244.75,126.25,689.25,282.0,15331.0,1662.25,1820.0,1771.25,4000.5,1345.5,9040.25,875.0,4757.0,496.5,710.25,779.25,791.75,485.5,264.75,966.0,1777.5,205.25,652.25,48489.5
2005-02-20 04:00:00,660.25,4610.75,1545.25,219.0,1016.0,3044.5,592.75,457.0,224.25,605.0,4123.75,185.0,4101.0,316.5,623.75,685.75,351.5,492.75,539.25,341.25,543.0,291.25,220.5,647.75,129.25,7282.75,1634.25,2769.75,3080.75,4850.0,1472.0,8849.75,1052.25,4512.25,567.75,452.25,654.75,672.5,257.0,381.25,780.75,12209.0,295.5,564.5,65571.25
2005-02-20 05:00:00,603.5,3305.25,2132.25,725.0,1222.25,2569.5,433.25,557.0,125.0,915.25,7884.75,330.0,4548.25,439.25,539.25,336.75,595.5,1157.25,820.0,346.25,471.5,267.25,239.5,700.0,190.25,2777.25,3930.0,2144.0,2412.0,6312.5,1710.0,8932.25,2426.75,6101.75,590.0,658.0,276.0,461.25,235.5,668.25,619.25,2884.0,182.75,533.0,67694.0
2005-02-20 06:00:00,1147.25,4161.75,2940.75,1258.0,1766.5,2902.0,303.25,623.5,816.0,1169.5,7711.75,226.5,1817.5,798.0,728.25,433.0,1343.5,2458.0,564.0,386.25,602.75,554.0,352.5,784.25,142.5,0.0,5685.25,2616.75,1907.25,5442.25,2411.0,9270.25,3948.5,7580.25,1766.75,971.25,0.0,1628.75,483.0,1025.0,0.0,1703.5,712.25,1068.75,79010.0
2005-02-20 07:00:00,1996.25,6928.75,3366.75,389.0,996.25,3233.75,1201.25,628.5,266.5,1172.75,6481.5,173.5,1220.25,595.25,487.0,1015.5,361.25,1043.75,403.75,435.75,706.5,411.25,453.0,442.25,326.75,0.0,3303.75,4515.5,7163.5,9174.75,1284.0,8180.0,1242.0,6398.5,2295.0,436.25,0.0,1149.0,135.0,457.5,0.0,4598.0,254.0,681.25,77324.75
2005-02-20 08:00:00,644.75,4035.0,3484.75,222.75,323.75,3855.75,743.75,538.0,147.0,764.25,8873.0,342.0,1674.0,302.25,408.25,724.25,280.0,840.5,317.5,4454.75,485.75,338.0,261.75,529.25,386.75,0.0,3449.5,1930.25,2985.25,6468.5,5180.25,9077.75,2351.75,4772.0,2352.5,695.5,0.0,2289.5,396.25,676.0,0.0,2546.75,295.75,476.25,77169.75
2005-02-20 09:00:00,358.5,6058.25,5093.0,184.0,260.25,6254.5,451.0,211.0,94.25,591.0,1833.5,138.75,1150.75,218.0,430.5,1879.25,219.25,817.0,385.25,529.0,295.5,177.75,168.0,550.5,222.75,0.0,4859.0,2122.0,4146.25,6292.5,3553.75,9417.25,3274.0,7390.5,2005.25,1532.75,0.0,5451.25,475.25,443.25,0.0,605.0,181.5,516.0,76154.75
2005-02-20 10:00:00,352.5,6534.25,2066.25,195.25,422.25,2661.75,1231.75,322.75,209.0,3066.75,3596.0,285.25,1697.75,216.75,354.5,764.25,235.75,2453.75,333.75,296.5,429.25,307.75,176.75,498.5,191.75,0.0,2258.75,5183.5,2771.5,5522.0,1155.25,8292.0,1193.5,10082.75,423.5,823.25,0.0,1991.0,503.75,545.5,0.0,1195.75,1507.5,477.0,67917.0
2005-02-20 11:00:00,519.5,6969.75,2093.0,659.0,349.0,2407.75,1237.5,398.75,178.5,4374.5,2816.25,699.25,1467.25,678.5,1277.5,1295.25,1939.75,1603.25,552.25,625.0,399.0,1278.75,163.5,1092.25,128.75,0.0,2546.5,5773.25,4286.0,7255.75,1341.0,10080.0,3105.0,12044.5,909.0,1657.25,0.0,2889.25,1213.75,537.75,0.0,2953.75,1273.75,364.75,87347.75
2005-02-20 12:00:00,823.5,4192.75,3743.5,351.0,329.75,3683.0,500.75,322.0,104.25,1185.75,3602.0,367.5,3228.5,1352.5,411.5,2484.0,363.75,656.5,401.5,1067.0,975.25,409.25,194.25,1341.75,774.75,0.0,4909.5,2760.5,3295.5,9604.5,1838.0,8494.75,2164.75,6098.75,1396.5,701.5,0.0,1214.75,448.75,466.75,0.0,1543.0,1900.0,769.75,74844.0
2005-02-20 13:00:00,2969.25,3891.5,1987.25,411.25,292.25,3610.0,901.5,352.0,217.25,861.0,4119.25,452.5,1866.5,1812.0,1977.25,960.0,3238.25,1702.0,563.0,280.0,574.75,243.0,280.5,923.0,1086.0,0.0,2449.75,2031.5,2058.5,6262.75,1516.75,9108.0,1708.25,5610.5,708.5,579.0,0.0,729.0,394.0,734.25,0.0,5963.0,1434.0,614.0,73471.0
2005-02-20 14:00:00,1243.75,3845.5,1840.25,274.75,467.25,4932.25,2436.5,480.0,292.0,1039.5,4981.5,664.0,3747.5,2837.75,1615.0,678.25,3935.25,2868.75,466.75,408.0,839.75,393.25,392.0,5914.75,297.5,2289.25,2048.0,2216.0,2734.0,4886.75,2154.5,9951.5,1626.25,6116.25,688.75,506.25,0.0,661.25,233.0,361.25,654.0,3520.75,2614.25,527.0,81630.0
2005-02-20 15:00:00,323.75,6473.5,1663.0,222.5,403.25,3995.75,1340.0,383.0,143.75,853.25,2031.5,496.5,7624.75,239.75,431.5,683.25,260.0,2289.5,576.5,290.5,747.75,2341.5,316.75,5148.0,150.0,0.0,2225.5,4635.75,6732.75,7037.25,1498.0,9181.25,1298.25,6341.25,624.5,444.75,0.0,819.5,499.0,456.5,0.0,1188.25,1534.25,536.75,75669.0
2005-02-20 16:00:00,510.75,4337.5,2313.25,701.25,544.5,5275.0,389.0,511.75,293.25,786.0,2159.0,834.5,2081.75,371.5,578.0,2501.75,1004.25,2110.25,510.5,3309.25,1794.0,2243.0,539.75,9082.25,184.0,1039.0,3435.25,2731.25,4274.0,6773.75,2001.0,10112.75,2243.75,8116.25,571.75,450.5,0.0,668.0,114.0,456.75,422.5,2134.5,1950.0,598.5,84536.25
2005-02-20 17:00:00,408.75,7746.75,11545.75,4458.25,351.5,9538.0,692.25,280.25,505.5,2111.75,972.25,492.25,1388.0,1553.0,591.75,4923.75,1091.75,2059.75,501.25,403.0,6198.0,531.5,306.5,800.5,238.75,0.0,12240.5,5780.75,8498.25,18760.5,2217.0,9762.5,3051.75,5802.5,636.75,1885.0,0.0,1297.5,176.25,677.75,0.0,1807.25,719.75,615.5,123545.25
2005-02-20 18:00:00,809.5,16572.0,6113.5,1200.5,797.0,10520.0,1335.0,279.0,401.5,5368.5,1429.0,854.0,1901.0,2464.5,976.75,2131.5,1546.75,2414.5,447.0,516.0,6016.25,564.25,391.25,907.25,1584.5,0.0,8518.75,13500.75,15044.25,21699.5,1396.75,11422.75,3769.0,15855.75,3755.75,2431.25,0.0,3890.0,1797.75,616.75,12.75,2188.5,368.75,524.75,157710.5
2005-02-20 19:00:00,623.5,13411.0,2662.0,1023.0,903.25,11384.5,858.0,333.75,79.25,7353.75,551.75,1079.5,1538.75,1181.25,559.25,898.75,900.25,2717.5,329.5,401.0,1907.25,495.75,523.0,786.25,1026.0,0.0,3199.25,12660.25,6814.0,11149.75,1903.5,11304.75,3180.75,18856.75,2197.0,4836.25,0.0,7162.25,4930.5,411.0,0.0,661.5,382.25,410.75,135409.5
2005-02-20 20:00:00,543.5,7674.75,3019.25,708.75,2340.25,8762.5,1385.75,272.0,166.5,3589.5,1666.25,745.75,1056.25,553.75,697.0,1165.0,690.25,3692.0,366.0,952.75,6709.0,594.5,1556.0,1384.5,606.25,0.0,3307.5,10833.75,4524.0,13331.75,1854.75,11258.0,3553.0,20197.75,2261.5,1752.75,0.0,2661.5,1183.25,579.25,3.75,3147.5,351.75,450.75,124764.25
2005-02-20 21:00:00,601.5,12091.25,2997.75,683.0,973.25,10980.5,892.5,331.75,254.0,2392.5,1556.25,617.25,653.75,468.0,368.0,440.75,470.0,2335.75,469.5,479.25,904.25,611.5,1298.5,869.25,384.75,0.0,3254.5,5521.5,9395.0,8252.25,1640.0,11786.0,2097.5,18246.75,1861.75,1145.0,0.0,7405.0,478.5,645.5,0.0,2449.75,366.25,339.0,108020.5
2005-02-20 22:00:00,376.0,5807.5,4888.75,428.25,1664.75,12699.25,2690.75,316.5,551.75,1191.75,3442.0,707.75,880.0,461.25,484.0,361.0,496.75,373.0,749.75,217.25,733.25,456.0,391.25,638.0,1711.0,41.25,4685.75,6783.5,4013.75,12163.75,1840.75,12643.75,1760.5,14946.0,852.0,703.5,40.5,1061.5,140.25,340.25,0.0,1176.25,324.25,521.0,100119.75
2005-02-20 23:00:00,480.25,5490.5,6814.75,257.75,1550.25,6906.25,3312.5,553.5,733.25,902.75,2038.25,465.0,1019.25,290.75,697.0,455.25,347.75,888.5,366.75,186.0,526.75,250.25,118.5,582.25,814.25,426.75,6598.0,3683.0,4291.0,11637.75,1009.25,9534.0,1503.25,6931.25,791.75,578.25,424.25,1173.75,228.0,697.75,359.75,1516.5,254.75,622.0,80269.25
2005-12-28 00:00:00,253.0,9032.5,1660.0,1169.75,271.75,924.0,1131.5,272.5,77.75,1285.25,680.75,398.75,448.5,177.75,342.25,217.0,387.75,331.0,237.5,216.75,284.0,167.75,128.75,342.5,303.25,0.0,1878.75,7259.0,11889.0,10680.5,1111.75,6929.75,1730.75,4583.5,397.0,1108.0,0.0,356.5,132.25,363.5,45.0,493.25,142.25,232.75,57650.0
2005-12-28 01:00:00,317.75,5728.5,1350.75,777.25,248.5,1091.0,412.5,370.5,162.0,2598.5,665.5,286.0,549.75,281.75,359.75,273.5,521.25,750.25,286.25,161.75,500.0,595.0,143.0,445.75,342.75,1636.25,1452.0,7300.0,7272.25,9715.5,1764.75,9879.0,1295.75,10442.25,372.5,887.5,260.75,532.0,165.0,461.75,237.75,916.5,246.0,208.75,64202.25
2005-12-28 02:00:00,522.25,3773.75,1510.75,2473.0,500.25,1434.25,256.25,371.25,233.75,4490.5,823.5,451.75,628.25,240.5,510.0,352.0,993.0,1039.0,512.0,258.25,669.5,289.0,209.0,537.5,240.5,6114.25,1781.25,3177.75,4257.0,5523.25,1223.25,10509.0,3008.0,6074.75,722.0,2589.0,933.25,594.25,135.75,348.25,594.75,1091.75,180.0,366.0,59730.0
2005-12-28 03:00:00,766.5,4687.75,1248.5,622.75,525.25,1252.0,382.75,656.5,335.75,981.0,1170.0,464.25,549.75,314.75,666.25,1159.5,347.0,760.75,561.0,591.5,765.0,291.75,324.5,811.25,374.0,13962.25,1634.0,3055.5,3083.75,5321.0,1291.0,7267.5,1174.75,5003.25,529.0,807.0,2116.75,801.5,310.75,417.25,919.25,1598.5,432.25,547.5,49507.5
2005-12-28 04:00:00,471.5,4995.0,1345.75,272.75,719.75,1096.0,319.75,389.75,240.75,549.5,1039.5,250.75,341.75,268.5,618.0,341.75,345.75,357.25,440.75,340.0,698.0,253.0,159.25,538.5,179.5,16961.0,1380.5,3420.5,4063.0,5428.5,1578.75,7070.0,895.0,3778.5,377.75,441.25,1050.75,625.0,146.25,395.5,600.5,1491.75,196.75,1056.75,43698.25
2005-12-28 05:00:00,520.0,3166.25,1514.5,274.75,531.25,935.5,352.0,675.0,208.5,630.5,837.75,218.0,979.75,321.0,552.75,1295.5,550.5,763.25,488.0,300.0,614.5,351.25,264.75,718.25,217.5,23072.25,1533.25,2057.75,1892.25,4074.25,1062.75,7232.0,780.5,3742.5,371.0,373.5,1106.75,597.25,127.25,320.5,459.5,1438.25,269.5,515.25,40767.25
2005-12-28 06:00:00,603.25,3010.75,1475.75,213.0,1294.0,1049.0,283.75,833.5,86.0,563.75,1419.25,516.0,1082.5,255.5,486.0,13702.0,404.5,1252.0,348.25,410.0,448.5,309.0,308.75,527.25,224.75,16633.0,1597.75,2121.5,2161.0,4181.5,1246.75,6977.5,1179.25,3788.25,418.5,390.25,678.0,502.25,226.25,416.25,360.75,1053.75,422.75,1155.5,54982.25
2005-12-28 07:00:00,798.25,4762.25,1749.25,779.75,1282.75,903.0,320.75,11519.25,103.0,795.5,1250.5,268.75,1264.5,279.0,367.5,1584.0,312.0,2210.0,801.75,392.25,532.0,416.25,805.75,512.25,161.0,15119.0,2331.75,3688.75,4394.0,6972.25,6760.75,6867.25,1081.25,4155.75,478.0,336.25,639.25,539.75,167.75,396.25,424.0,1251.0,362.0,651.0,68463.25
2005-12-28 08:00:00,1873.25,6228.5,1589.5,442.75,1735.25,1646.25,958.75,4382.5,247.75,783.5,1859.75,444.5,1576.75,285.25,931.75,534.25,604.25,1702.25,714.5,419.0,497.0,358.0,885.5,686.25,361.25,17379.25,2804.25,4870.0,6587.0,10953.0,1986.0,7291.0,2131.75,6776.25,344.25,447.75,2259.25,1398.5,175.75,1044.5,389.75,1420.25,340.75,393.5,71802.0
2005-12-28 09:00:00,739.0,5332.25,1463.75,446.25,1001.5,1373.25,591.0,2371.5,195.5,1214.5,1439.25,393.5,7710.25,322.25,1914.75,411.0,884.0,4186.5,414.25,1888.75,1091.0,245.5,461.75,519.0,1644.75,294.5,2898.5,4542.75,3812.75,11988.0,5633.5,7136.25,1116.5,10087.75,275.75,389.25,0.0,1181.5,89.75,356.25,188.25,865.75,319.75,570.25,84189.75
2005-12-28 10:00:00,1420.75,3908.25,1668.25,256.0,516.75,1391.25,1829.25,2806.75,200.5,1607.0,2204.0,456.0,1629.0,353.75,626.0,8019.5,3302.25,6003.5,369.75,1620.5,478.5,221.25,1134.5,764.5,436.0,3458.25,2578.0,2835.0,3191.0,6276.25,4570.5,7775.0,1134.25,5315.0,765.5,443.25,0.0,717.0,265.0,374.25,284.5,950.25,359.75,271.5,76777.25
2005-12-28 11:00:00,1578.5,7286.0,1636.0,396.25,638.75,1866.0,379.5,2943.75,179.75,2942.0,2859.25,492.5,1728.5,272.5,286.5,5717.75,596.25,4562.0,336.5,450.5,394.25,252.0,239.75,1954.0,353.5,1029.25,2106.0,5627.75,6394.25,6948.25,3070.25,8675.5,2059.5,5225.75,1847.25,533.25,0.0,1192.0,130.25,361.5,212.5,976.0,365.0,1569.0,79846.0
2005-12-28 12:00:00,431.75,4476.75,2442.75,288.75,3464.0,1355.5,358.75,856.5,115.5,2691.75,3596.25,625.5,1398.0,218.5,365.25,4360.75,430.75,311.0,396.0,733.5,366.25,185.75,438.25,1483.25,348.25,2028.5,3420.5,4524.5,3718.5,7221.25,10964.75,8753.5,3137.25,7827.75,1276.25,573.75,0.0,421.75,129.25,446.25,229.25,801.0,265.75,436.25,78093.75
2005-12-28 13:00:00,344.75,3480.25,6072.0,1127.25,714.75,3068.75,374.5,719.75,87.5,1561.25,2609.25,988.5,991.75,213.75,407.5,2953.75,246.75,284.5,384.25,421.25,397.25,228.25,303.5,1299.25,309.0,969.0,9686.75,3609.25,3990.75,10433.75,4482.75,6771.0,6286.75,6984.25,2439.75,1489.75,0.0,402.0,174.5,1124.75,227.5,716.0,268.25,400.5,83788.75
2005-12-28 14:00:00,363.5,4096.25,7655.5,1519.75,571.25,4050.75,324.75,787.25,159.25,1821.75,1272.5,2104.75,1157.25,225.75,252.75,1161.25,216.75,330.5,295.0,311.25,399.75,215.25,334.0,424.25,344.5,0.0,11063.75,5506.0,4861.25,10647.5,3144.0,6914.0,9974.5,6475.0,553.0,3120.25,0.0,459.25,208.25,1155.75,209.0,764.5,276.5,520.0,90170.75
2005-12-28 15:00:00,384.75,8001.25,5452.75,422.75,1363.25,3400.75,210.5,2012.5,210.0,726.5,1172.5,4578.0,5123.25,250.0,356.5,805.75,232.5,396.0,384.0,389.25,331.0,275.75,165.75,490.25,332.75,0.0,7665.5,6593.0,12312.0,14884.75,2128.5,7481.0,7946.5,4343.75,509.5,1031.5,0.0,1186.25,139.25,419.5,211.25,876.75,247.75,341.5,91442.25
2005-12-28 16:00:00,450.25,3812.25,5175.5,500.25,5764.5,2648.25,289.25,4986.25,284.0,1091.25,2445.25,2947.75,7254.0,204.0,411.0,4133.25,428.0,1394.5,492.5,447.75,335.25,240.5,215.75,1944.0,339.75,1967.75,8925.25,2482.25,5145.0,7867.0,3166.5,8148.25,6867.5,4244.25,967.75,833.25,0.0,1739.25,108.25,321.0,250.25,783.25,242.75,470.0,89110.25
2005-12-28 17:00:00,1513.0,4463.5,2750.5,212.75,1577.25,2405.5,254.75,2761.0,277.75,1860.5,5826.0,1713.0,2048.25,265.5,441.25,2822.25,315.25,1596.75,755.25,723.0,397.75,231.75,812.75,1985.25,168.75,0.0,7293.25,3409.0,7465.0,14198.75,2640.5,7843.75,2868.75,6951.75,4679.0,396.0,0.0,1124.0,233.0,484.75,173.0,775.5,552.0,302.5,89524.75
2005-12-28 18:00:00,856.75,5779.5,5110.75,197.5,4095.5,4346.25,285.0,3028.5,209.75,2581.25,2284.25,2628.0,2614.5,612.0,486.25,1244.75,363.75,1880.0,2771.0,708.25,417.75,220.75,994.75,2228.0,137.5,0.0,8544.5,5352.5,9303.75,16329.5,2742.5,8242.5,2871.5,6639.5,7748.0,332.5,0.0,839.25,143.75,797.75,189.5,902.0,696.25,397.5,103660.25
2005-12-28 19:00:00,921.75,4717.5,2503.0,199.25,1771.25,2142.5,257.5,2435.5,172.0,3568.75,2824.0,937.0,3059.0,685.5,598.5,1757.0,300.25,2632.5,2397.25,645.25,405.5,941.25,1548.25,5673.75,235.0,3005.5,4629.75,4020.0,5719.0,7849.25,3802.75,10416.5,2515.75,7209.25,9115.25,411.5,0.0,938.0,177.0,591.5,262.5,916.25,1262.75,333.0,94311.5
2005-12-28 20:00:00,650.5,4781.0,2526.5,190.5,3946.5,2673.75,488.5,2510.5,837.5,3281.0,3381.25,747.75,4939.0,406.5,348.0,3067.0,1110.75,3726.25,1380.5,538.0,435.5,775.0,615.5,4023.25,278.5,0.0,4817.25,3765.75,5403.75,8638.75,2682.5,11049.0,2207.75,7151.75,5802.5,297.5,0.0,1281.75,109.75,541.25,217.5,897.5,2434.25,214.25,92332.25
2005-12-28 21:00:00,1362.75,4949.5,2806.75,399.5,2280.5,2912.0,1909.5,1690.5,308.25,3941.5,5413.75,858.25,820.25,480.25,425.0,968.75,871.0,2457.5,911.25,602.0,418.0,620.0,733.25,2136.0,263.0,3173.75,5937.75,4152.25,8032.25,10939.0,4255.0,12001.5,2119.5,7197.0,3899.5,409.5,220.5,940.5,258.25,570.0,266.25,2004.5,1642.0,237.75,92872.25
2005-12-28 22:00:00,335.25,7074.75,2913.75,1010.25,4094.75,3098.5,2244.25,1800.5,384.0,2164.5,2087.5,688.25,571.0,247.75,858.25,972.5,1591.25,350.0,467.25,278.5,560.0,195.25,595.75,1846.0,285.25,5670.75,3793.5,5671.25,8510.0,10163.0,3018.25,9729.0,2152.75,6700.75,3461.0,537.75,616.0,1238.75,140.0,809.0,290.75,973.75,1273.0,214.25,80839.25
2005-12-28 23:00:00,300.5,4465.25,3779.25,839.25,5641.5,3224.75,4168.25,366.0,185.75,2204.5,1309.5,695.5,595.25,201.5,537.75,890.0,1641.75,442.75,415.5,188.5,513.25,269.75,167.25,3363.75,252.5,4150.5,4308.75,3679.5,5085.75,8179.75,7523.75,8961.5,1960.75,5611.5,3641.75,670.0,529.75,550.75,144.5,677.0,393.75,1162.25,464.0,352.0,78256.0
2005-03-14 00:00:00,413.75,4690.75,1426.25,187.75,401.5,1406.25,2030.25,129.75,464.5,426.75,3207.25,188.5,366.75,262.0,2555.0,282.0,447.5,269.25,435.25,210.5,448.25,195.0,152.25,4798.0,185.0,25493.75,1369.0,2623.75,3152.0,4450.0,895.0,7307.0,762.75,3182.75,566.75,473.25,866.25,903.25,338.5,367.0,457.5,3011.5,212.25,730.5,51695.0
2005-03-14 01:00:00,500.5,3870.75,1404.0,197.25,374.0,1230.0,281.75,227.0,266.25,436.5,3207.0,231.5,347.0,270.0,473.75,418.75,344.25,215.0,578.5,228.5,559.25,214.75,177.75,10574.75,174.75,24986.75,1415.5,1863.25,2537.25,3853.75,1308.75,7093.0,822.5,2689.25,443.25,448.0,912.75,687.5,270.0,423.5,431.0,2318.75,314.25,536.25,50336.5
2005-03-14 02:00:00,403.25,3623.5,1260.75,175.25,514.75,1447.5,271.75,253.25,194.0,419.5,3292.5,236.25,570.0,269.5,411.25,313.75,437.5,188.5,482.0,301.5,440.25,249.75,240.75,609.0,140.0,30279.75,1522.25,1848.75,2285.5,3951.5,857.25,6923.75,858.75,3186.25,594.25,613.25,967.0,807.5,507.25,434.0,576.0,2148.0,193.0,531.75,40821.75
2005-03-14 03:00:00,618.25,2882.75,1423.0,155.0,433.5,1527.5,322.75,366.25,110.0,387.75,3220.5,191.5,1122.75,248.75,534.75,386.75,332.0,651.5,499.5,351.25,608.25,236.75,140.25,425.25,148.5,21187.0,1486.5,1209.25,1547.0,3268.0,1057.0,6940.25,622.0,2862.25,496.0,739.75,850.75,856.75,652.0,325.0,464.25,2056.75,322.25,641.25,39994.25
2005-03-14 04:00:00,508.5,2789.25,1289.0,166.5,712.25,1149.75,536.0,479.75,277.0,415.5,4715.5,259.0,1152.25,342.75,482.25,514.5,429.0,323.0,524.75,359.25,368.25,221.5,312.25,684.5,135.0,24031.5,1736.0,1110.0,1626.0,3875.75,1204.25,6972.5,757.25,3276.25,458.25,471.25,884.25,706.5,315.5,279.0,426.75,2123.5,206.25,762.75,42206.75
2005-03-14 05:00:00,558.75,2920.0,1641.75,201.0,1650.0,3013.0,341.25,570.5,189.0,372.75,12026.25,567.75,1450.5,406.0,390.75,546.25,628.75,475.0,863.0,360.0,464.0,206.5,171.0,716.0,222.25,12613.0,2239.5,1429.0,2414.25,5089.75,954.25,9076.25,3014.0,3431.5,431.0,403.25,2188.0,2467.75,213.75,442.75,371.5,2036.0,263.25,414.25,60756.0
2005-03-14 06:00:00,642.0,4965.0,2030.75,735.25,5161.5,4794.0,435.25,1155.0,88.5,1400.25,6790.5,782.75,1278.5,426.0,682.0,917.5,801.0,2494.25,512.75,332.25,407.75,238.0,260.5,555.5,227.5,0.0,3491.25,3530.75,6062.25,7563.75,1211.5,11152.25,5208.0,4173.75,1065.75,1296.0,0.0,4449.5,561.5,513.5,83.5,1646.75,255.25,689.0,79417.5
2005-03-14 07:00:00,658.25,10755.0,1992.5,792.5,3376.75,1614.5,387.0,339.0,212.75,619.25,832.75,200.25,579.0,219.75,192.25,220.5,325.75,568.25,242.5,149.0,363.5,317.75,200.0,368.5,264.0,0.0,2024.0,6522.0,19591.75,13139.75,1984.75,7285.75,1580.5,3273.5,510.0,444.5,0.0,1284.75,166.0,306.5,0.0,315.25,164.25,275.75,61314.75
2005-03-14 08:00:00,451.75,4457.25,2270.75,1345.25,4599.0,6725.5,512.25,818.75,378.75,1002.5,3783.5,162.25,1056.5,245.75,364.0,289.25,260.75,257.75,460.0,912.5,452.5,292.25,300.75,455.0,1761.5,0.0,2403.25,1366.0,1484.25,7510.0,2478.75,10299.75,3319.75,4869.75,444.25,1172.25,0.0,3001.5,485.25,434.5,0.0,3618.0,168.75,432.0,70473.25
2005-03-14 09:00:00,429.0,5237.75,1565.75,4794.75,411.25,3061.0,655.25,407.0,261.0,4639.25,5664.75,206.0,856.5,235.25,698.5,202.5,256.75,341.0,581.75,715.25,299.75,183.25,151.0,498.75,355.5,0.0,1572.75,1456.0,3823.75,4448.75,867.25,8482.75,6856.0,4831.75,317.5,5305.75,0.0,4522.5,416.75,247.0,0.0,1052.25,659.0,499.5,72912.75
2005-03-14 10:00:00,445.25,8583.0,1316.75,233.5,1590.5,4226.25,2666.0,1503.75,412.25,5436.0,4228.0,175.5,637.0,228.75,285.5,309.5,251.75,1966.75,576.25,306.25,373.75,276.0,133.25,523.25,217.0,0.0,1390.25,7706.25,1884.0,3447.5,919.25,10303.5,4954.5,10244.25,1108.25,754.75,0.0,4824.5,369.75,857.75,0.0,855.0,1179.75,302.0,82936.5
2005-03-14 11:00:00,1441.0,12516.0,1494.5,841.0,3564.75,2234.5,626.25,2113.75,412.75,8664.75,1821.75,144.75,538.5,204.75,478.0,174.75,1231.25,1369.5,404.75,351.0,2174.75,189.25,128.5,1460.5,750.25,0.0,1574.75,11106.5,2164.0,4986.25,1713.25,7051.5,2695.5,14734.25,1537.0,2156.25,0.0,2941.5,1193.5,583.75,0.0,904.5,401.75,490.75,95023.25
2005-03-14 12:00:00,3139.75,3997.0,1818.25,953.75,3707.0,8407.25,1081.75,847.5,330.5,2259.25,2663.25,209.75,653.5,209.5,577.25,267.25,544.5,759.25,588.25,392.25,7207.25,168.75,868.5,1260.25,225.5,0.0,1891.5,3066.0,1507.75,4547.5,1518.25,9660.25,2529.0,7899.0,615.75,1521.25,0.0,1347.5,507.5,283.0,0.0,956.25,907.25,421.5,75863.75
2005-03-14 13:00:00,512.0,2760.25,1648.75,481.5,720.25,26919.5,411.25,1060.25,312.0,554.5,525.0,215.5,439.25,205.75,272.5,195.0,199.5,535.25,373.25,204.75,577.0,162.5,201.0,409.0,176.75,0.0,1612.75,1755.0,1237.5,3468.0,852.5,11922.25,1498.0,7858.0,416.75,915.0,0.0,924.25,327.75,259.25,0.0,0.0,0.0,310.0,71159.5
2005-03-14 14:00:00,671.25,2511.75,2222.25,319.25,641.75,21551.25,1055.0,438.25,219.0,455.5,1156.75,310.5,1739.5,198.25,244.0,223.75,237.0,509.75,373.0,210.5,1059.5,147.5,179.25,888.5,193.25,0.0,2259.0,1716.5,1112.0,4161.25,912.5,10744.25,1516.5,6762.25,415.0,470.5,0.0,661.75,276.5,297.0,0.0,417.5,272.5,265.75,67771.75
2005-03-14 15:00:00,311.5,3896.0,1595.75,308.5,1640.5,12434.75,1038.75,854.0,115.25,451.75,974.0,392.75,834.25,201.0,306.0,228.5,832.25,435.25,322.25,106.25,2128.25,145.5,207.25,654.0,171.5,0.0,1657.25,2531.5,3744.5,4872.75,1255.75,10484.5,1706.25,5933.5,331.0,403.5,0.0,1025.75,276.0,510.5,0.0,454.5,262.75,341.0,60613.75
2005-03-14 16:00:00,239.5,2529.25,2915.25,1201.25,2736.25,16496.5,1045.5,746.0,186.5,1015.5,2791.75,414.5,2634.5,281.5,577.25,237.75,648.0,535.5,344.5,617.0,1232.25,1358.5,140.0,1035.75,200.0,0.0,3047.25,1429.5,1385.5,4455.25,1591.5,13697.5,5558.0,6234.25,327.0,1283.0,0.0,4291.5,351.25,434.0,0.0,637.75,654.5,356.25,82931.5
2005-03-14 17:00:00,11961.25,4687.5,5326.0,3970.5,632.0,3821.75,616.25,762.0,256.5,2045.75,11207.75,582.25,3312.5,289.25,2467.25,291.0,602.25,1832.0,910.0,2175.0,3290.5,3052.25,221.0,935.25,324.25,1823.25,6396.0,4111.25,4300.5,11010.75,2088.0,10005.5,3348.75,5045.5,421.25,1296.0,41.0,1656.75,310.0,762.75,250.75,1528.25,1693.25,1794.5,114458.75
2005-03-14 18:00:00,2384.25,5947.75,5074.25,3349.0,2300.25,11965.25,460.75,1185.25,70.25,1884.0,5910.5,705.25,3980.25,3298.25,2410.25,801.5,1279.5,2413.25,2352.0,522.75,1228.0,870.5,435.75,1626.0,1005.5,0.0,7321.75,5061.75,6751.25,16138.25,5006.25,12964.25,7362.5,8395.0,2849.5,4569.25,0.0,8115.0,4162.5,787.25,93.25,1776.0,816.5,620.75,146219.75
2005-03-14 19:00:00,3874.25,8844.5,5864.0,964.25,2707.75,7573.25,1009.25,1758.5,226.0,1728.0,3027.5,1829.0,9973.0,904.5,901.5,703.0,1943.25,1678.25,872.75,452.0,1643.75,1695.25,444.75,1152.5,894.5,0.0,7087.75,11381.25,10525.0,17853.5,1624.5,9288.75,6540.75,14471.5,1896.0,2242.5,0.0,3171.0,1454.25,3240.75,106.25,1235.75,632.0,429.25,141649.0
2005-03-14 20:00:00,757.25,5944.75,2737.5,2372.75,3053.0,4713.75,5849.0,1883.75,547.75,3955.5,3032.0,729.25,8821.5,459.5,871.25,513.0,2398.0,3930.0,707.0,470.25,846.0,2998.5,439.5,1766.75,570.25,0.0,3630.25,7116.75,5277.0,10346.25,1671.0,11105.75,4947.0,13484.25,2613.5,3250.25,0.0,2361.0,605.25,633.25,154.0,1644.25,327.25,471.0,120646.75
2005-03-14 21:00:00,1050.25,5427.0,5123.5,727.5,1747.25,7974.0,6272.0,1932.0,753.75,1652.5,5528.25,484.5,2013.75,487.0,3981.25,763.0,1327.5,3468.0,614.25,661.25,737.0,932.25,453.75,1618.25,589.0,2188.25,5308.75,5458.0,4244.0,8976.5,1620.25,11118.5,4015.0,8968.0,2007.25,2843.0,392.0,2354.0,801.25,617.25,378.5,2514.5,504.75,654.75,111074.75
2005-03-14 22:00:00,404.5,4685.75,5329.75,599.0,1232.25,6552.25,3545.75,1259.5,957.0,1135.5,6166.0,314.0,1478.75,266.25,890.5,1382.25,858.75,877.25,555.0,373.25,818.75,434.25,398.25,1451.75,524.5,1217.75,5788.5,3306.25,3186.0,9101.75,1934.75,10065.5,1891.25,6094.5,1357.0,800.0,439.0,1919.0,575.25,679.5,362.75,19843.5,300.5,455.25,104113.5
2005-03-14 23:00:00,465.5,4096.5,1613.5,358.75,7255.25,1765.0,3413.5,618.25,134.0,974.75,3322.0,319.75,1874.75,364.75,2152.25,459.0,391.25,451.25,518.25,190.25,850.25,192.0,168.5,953.25,342.5,17285.25,1871.5,3245.0,3308.0,5080.0,1255.5,7990.5,1589.0,4268.5,1210.0,565.5,751.75,544.75,498.75,885.5,409.75,3856.0,247.0,634.25,59350.5
2005-03-28 00:00:00,1227.25,3875.25,1519.75,185.0,556.5,1392.0,588.25,191.75,470.5,919.75,633.0,188.75,511.75,130.75,390.25,424.0,437.5,418.0,497.75,233.5,516.75,200.5,188.5,605.0,317.75,27621.25,1614.25,2148.0,1360.25,3353.5,2822.5,7267.25,894.0,4121.5,593.0,320.5,926.75,757.25,217.0,1079.75,452.25,1932.25,226.75,762.5,43476.0
2005-03-28 01:00:00,435.0,3439.5,1446.25,176.25,446.5,1312.5,291.25,142.75,190.25,896.5,618.25,245.75,719.75,283.0,373.25,356.0,361.75,358.0,386.5,195.0,429.25,260.25,126.5,739.0,261.25,38173.5,1609.5,1621.5,1424.75,3367.5,1386.25,6943.25,821.75,3543.0,498.75,441.75,1052.25,536.0,222.0,346.75,504.0,1636.25,253.5,628.5,37456.25
2005-03-28 02:00:00,532.75,3527.25,1491.25,180.25,355.5,1082.75,293.0,343.0,178.75,1038.0,732.75,169.75,789.75,282.5,526.0,293.25,423.0,481.0,482.5,317.0,554.0,197.75,190.0,663.5,177.25,30657.25,1509.75,1811.5,1423.0,3443.5,1356.0,7039.5,739.25,3723.5,522.75,301.5,929.25,485.25,126.25,455.75,594.25,2057.25,287.75,789.0,39129.0
2005-03-28 03:00:00,457.75,3471.25,1403.5,167.0,479.25,1004.25,294.5,337.0,241.5,823.75,731.25,244.0,590.5,265.5,311.75,361.75,409.0,332.25,583.0,344.5,569.25,237.25,203.75,715.25,233.0,24920.75,1427.25,1621.0,1397.75,3230.75,1036.5,6875.0,819.75,3314.0,420.0,422.0,894.5,647.5,210.5,388.5,469.0,1806.0,216.5,467.5,36777.25
2005-03-28 04:00:00,464.0,4436.75,1507.5,172.5,597.75,981.25,560.5,358.5,106.5,909.75,685.5,239.25,489.25,243.25,614.0,268.5,288.75,308.5,552.25,337.5,433.75,219.0,120.75,548.0,178.5,23581.5,1386.5,2842.5,2780.5,4259.25,1157.75,6693.25,749.75,3614.0,480.25,333.5,4444.0,339.75,110.5,355.0,410.25,1620.75,264.0,534.5,39394.75
2005-03-28 05:00:00,474.5,3284.5,1691.75,411.0,1564.5,968.25,309.5,586.25,179.5,833.25,2266.75,282.0,1655.25,443.25,407.75,311.5,1063.5,759.0,596.0,288.25,407.5,214.5,218.5,544.5,162.5,30174.25,2408.75,1414.5,2163.5,4462.0,1219.75,6989.25,678.0,3386.75,608.75,345.25,3262.5,796.25,262.75,446.75,600.0,6807.5,251.0,532.25,48538.25
2005-03-28 06:00:00,2192.25,2827.5,3092.25,1671.25,2230.25,1735.75,577.5,1676.25,221.75,1478.0,9540.0,407.75,1381.5,524.5,872.25,1168.5,757.75,1734.25,372.5,426.25,536.0,549.75,339.0,683.5,169.0,3705.0,3268.0,2254.25,2324.25,6615.0,1613.25,8229.5,1939.5,5197.5,1192.5,1530.0,0.0,1228.0,743.5,570.25,1263.75,5484.0,488.0,1009.25,75587.75
2005-03-28 07:00:00,871.5,4393.5,2257.75,631.75,3426.25,2952.5,564.25,2635.5,263.25,902.0,5807.25,268.25,1245.5,325.5,760.75,6801.0,587.5,1285.5,355.25,762.75,925.5,2875.0,546.75,638.25,1655.75,3235.0,4631.5,1893.5,4008.5,12162.5,4703.5,7172.0,1999.0,4410.0,1625.25,1969.0,0.0,2135.25,1316.25,414.25,952.75,1978.5,337.25,767.5,87227.25
2005-03-28 08:00:00,981.5,3174.75,1382.75,358.0,4879.75,2145.5,338.5,1057.25,451.5,1003.75,3292.75,205.0,657.75,297.5,487.5,7175.5,311.0,882.5,541.75,1290.25,450.0,3688.0,178.25,748.5,446.0,14477.5,2670.5,1826.0,2477.75,6618.25,8482.0,7795.5,1791.25,4250.75,631.25,1105.0,0.0,1651.25,778.0,597.75,1085.25,2180.75,231.75,494.0,71966.5
2005-03-28 09:00:00,458.75,3156.0,10304.5,174.25,763.75,5591.75,307.25,616.25,439.0,700.5,6066.75,256.5,398.0,269.0,622.0,2298.0,340.75,399.25,417.0,765.75,738.25,460.5,718.25,2579.5,307.0,13900.5,18832.25,1993.5,2261.0,4595.25,1926.0,9353.75,10315.0,5518.5,570.0,860.0,0.0,1831.25,585.75,402.0,870.5,1913.5,276.25,1279.75,97922.25
2005-03-28 10:00:00,471.5,8184.25,3288.5,293.75,5879.5,5085.0,278.25,4673.25,451.25,1849.0,4238.0,170.75,427.75,281.75,303.75,885.0,315.5,1435.25,347.25,377.25,1642.0,382.5,290.75,670.75,314.5,1912.5,7059.75,6517.5,8763.75,11051.5,3389.5,9072.25,4931.75,9678.25,483.25,1431.25,0.0,3341.75,613.5,436.25,296.5,1441.75,1736.25,648.0,96302.5
2005-03-28 11:00:00,370.25,6908.75,4820.25,2464.25,967.75,7550.0,1057.25,5690.75,85.75,2481.75,2228.0,206.75,520.0,235.75,374.0,1482.0,916.5,1780.0,440.75,784.0,1466.5,581.25,583.75,1949.75,1064.0,0.0,5976.25,3851.25,3502.5,8985.25,1922.5,8840.75,2249.75,8320.25,3201.5,3040.75,0.0,5364.75,2976.5,363.5,0.0,805.0,1117.75,562.75,102417.0
2005-03-28 12:00:00,388.0,4609.5,3169.75,407.0,826.25,6238.25,1929.75,977.5,161.25,1466.0,1444.25,152.75,617.0,393.5,662.75,1778.75,578.5,1608.0,764.5,524.75,3271.0,392.0,1526.75,3131.25,457.75,0.0,3376.75,3121.5,4220.0,7622.0,1430.75,9901.25,2218.25,6051.25,2540.0,751.25,0.0,2023.0,532.0,400.75,0.0,3831.25,540.5,3236.75,83526.0
2005-03-28 13:00:00,454.0,4205.5,3460.5,404.5,6981.0,7424.5,846.5,384.5,251.25,496.0,2655.5,328.5,488.5,310.5,1209.75,1147.75,585.0,1569.5,464.25,320.75,2678.25,435.5,372.75,720.25,211.25,0.0,4570.5,3349.0,3560.0,5515.5,1585.0,10339.5,4763.75,6084.75,777.0,361.75,0.0,2934.5,268.25,1678.0,0.0,1000.5,1924.75,1372.25,75774.25
2005-03-28 14:00:00,456.0,4009.75,3837.25,610.5,569.75,6262.5,1117.25,416.25,359.25,562.5,2610.25,342.5,479.75,336.25,1572.25,1122.0,519.25,1639.5,390.0,274.0,3114.75,914.25,238.0,551.0,159.25,0.0,4777.25,1661.25,2866.5,4925.75,1894.5,9515.5,3554.0,5554.0,473.25,504.25,0.0,3332.75,219.25,635.75,0.0,5308.25,872.5,476.0,74366.75
2005-03-28 15:00:00,448.0,3682.75,6045.5,1430.75,3907.0,6648.75,298.25,543.75,425.0,1393.25,2321.0,273.0,607.25,328.75,1590.25,1687.5,745.25,1336.0,428.5,323.25,1221.75,1022.5,281.75,670.5,304.0,0.0,8569.0,1978.75,2650.75,6770.0,2304.25,9315.0,4918.75,4811.5,414.75,1242.75,0.0,1773.25,277.25,574.5,0.0,1485.5,366.0,534.25,78601.75
2005-03-28 16:00:00,952.75,5660.5,5080.5,3348.75,1866.25,8204.75,331.5,3525.0,507.25,1249.5,2277.5,341.5,780.25,361.25,876.25,2167.5,1129.75,2975.0,2232.0,380.75,4521.0,1747.25,246.5,1408.75,1321.5,1649.75,6601.5,3031.5,3385.0,10319.0,2145.0,12052.0,6586.25,6570.0,448.75,1057.75,0.0,4973.75,373.0,1012.5,498.0,1715.25,682.5,882.75,108889.0
2005-03-28 17:00:00,6109.0,6871.5,7616.75,5541.5,1171.5,9147.5,250.25,1441.0,309.5,1359.25,2037.5,274.25,929.75,398.5,719.0,1711.5,713.0,2986.25,1020.25,283.25,6311.75,750.5,278.25,1594.0,3305.75,0.0,8116.0,2178.0,2092.0,16679.0,2389.75,10861.75,3741.5,6881.5,401.25,4807.0,0.0,7729.5,4685.0,611.75,116.75,1420.0,416.75,547.75,132700.0
2005-03-28 18:00:00,1146.25,6526.0,5626.75,5242.0,761.5,14396.25,296.25,1705.25,185.0,3734.25,1351.5,309.0,1194.25,3597.0,1659.75,2889.0,1281.0,1738.25,1016.25,401.25,9147.25,599.0,566.75,3942.75,2803.75,0.0,6588.5,3301.0,2587.0,13904.0,5337.75,11777.0,4865.25,11397.0,337.0,5685.25,0.0,4225.25,2614.25,652.5,56.75,829.25,488.75,357.75,143041.5
2005-03-28 19:00:00,586.75,7323.5,3506.25,2125.75,1264.0,10958.0,347.5,2209.0,2376.5,3260.0,1362.0,1753.0,1352.75,3184.5,1282.5,1529.5,2235.5,1967.5,3616.25,503.0,5174.0,766.75,355.75,1506.75,851.5,0.0,5147.0,7445.5,4063.0,12094.25,1756.0,13570.25,2938.75,17913.25,1647.25,2448.5,0.0,4349.75,1300.25,905.5,137.25,2652.25,569.5,437.0,132363.5
2005-03-28 20:00:00,665.0,8425.25,2955.0,1307.75,1952.5,5488.25,484.25,1997.0,2497.5,2784.25,1038.5,626.0,1422.5,2148.25,1017.25,5502.5,1505.25,2435.25,974.25,443.0,737.5,751.0,356.75,1171.25,1897.25,0.0,3852.25,5691.75,2933.25,11011.0,1830.0,11496.0,2131.25,12858.5,1251.0,1033.5,0.0,3498.5,650.0,680.0,117.25,4220.5,392.75,2138.25,108475.75
2005-03-28 21:00:00,787.75,6234.25,2232.25,485.5,1423.75,5991.0,1357.0,1184.5,2003.75,3120.0,1178.75,800.25,1428.5,4872.25,1096.25,768.5,5462.25,2362.75,576.25,581.25,574.0,786.75,454.0,1199.5,464.5,103.25,2449.0,3789.75,4049.5,5256.0,2135.25,13222.5,2313.25,9745.75,1309.5,809.0,98.0,3037.75,462.75,1030.75,186.5,2745.25,361.25,1707.5,94012.0
2005-03-28 22:00:00,361.75,2974.5,2212.75,347.25,1012.0,4499.25,578.5,460.5,233.25,1597.5,960.75,681.0,846.75,1553.75,1601.25,709.75,4126.25,611.5,295.75,217.0,6526.5,219.0,345.75,624.5,541.5,116.25,2317.75,2531.0,3246.75,4721.75,1635.0,10496.25,2035.5,7380.0,511.5,521.5,111.75,905.75,320.5,1065.75,189.0,1074.25,339.75,521.75,68931.25
2005-03-28 23:00:00,442.0,6163.0,3195.0,215.25,860.0,3192.25,364.0,273.25,247.5,670.25,682.25,239.0,680.5,308.75,2048.25,437.5,318.5,314.5,323.75,179.5,707.25,234.75,257.0,569.25,383.25,3460.0,3308.5,4871.5,6618.25,8304.0,862.5,7676.5,1495.0,4720.25,448.75,367.25,448.0,704.5,322.5,1335.0,330.75,1221.25,200.25,423.5,58260.0
2005-03-12 00:00:00,494.75,3938.0,1439.25,202.5,403.0,2045.75,300.75,432.0,205.0,502.5,3342.0,194.25,603.5,290.25,470.25,322.25,439.5,382.25,528.5,186.25,441.25,188.75,172.0,509.0,268.0,19842.75,1622.75,2053.5,2835.25,4494.0,1216.5,7556.75,884.5,3291.75,3577.25,553.75,794.25,700.5,330.75,521.5,468.5,1712.0,307.5,644.25,46853.25
2005-03-12 01:00:00,473.0,3564.25,1300.75,154.25,375.5,1377.5,302.75,404.25,102.5,422.5,3051.5,239.75,549.25,277.75,501.25,364.25,393.75,410.0,537.5,189.5,499.75,232.0,171.25,429.5,183.25,14685.75,1443.75,1866.75,2513.5,4184.0,999.25,7038.75,743.0,3219.5,557.5,298.75,800.25,426.25,138.75,412.25,486.0,1588.75,223.0,392.75,39339.5
2005-03-12 02:00:00,434.5,2954.75,1379.75,189.0,492.75,2255.25,359.0,354.25,207.5,348.5,2977.75,196.5,557.5,269.5,465.25,221.0,375.75,409.25,384.0,313.25,408.5,246.0,162.75,462.25,95.0,9466.75,1455.0,1418.75,1635.0,3533.25,968.0,7059.0,756.5,3387.5,475.75,1212.5,711.75,1407.75,1014.5,327.5,490.0,1818.5,266.75,724.0,41377.75
2005-03-12 03:00:00,585.0,2949.0,1376.25,173.25,412.25,1546.25,289.75,436.5,212.25,437.75,3230.5,439.75,564.0,296.0,413.25,397.5,413.0,323.25,375.25,347.0,572.75,239.0,170.75,710.25,135.5,23708.0,1451.5,1221.5,1761.75,3699.75,1203.0,7242.0,930.5,3250.75,498.75,403.0,844.5,638.75,229.25,273.25,493.25,1810.75,239.75,594.5,39868.75
2005-03-12 04:00:00,490.25,2645.75,1343.5,216.75,629.75,1278.0,734.25,516.5,111.5,372.0,3697.5,357.5,1417.5,293.25,564.0,279.0,439.0,585.25,496.0,353.5,369.75,249.25,177.5,766.5,104.25,34332.25,1643.0,1209.0,1428.0,3420.5,987.25,6853.25,956.75,3394.5,519.0,436.5,912.5,441.75,279.25,406.25,592.5,2444.75,278.0,555.75,41294.25
2005-03-12 05:00:00,473.25,2971.75,2053.0,383.5,1440.75,1465.75,431.25,393.75,217.25,406.25,3802.75,274.75,2127.5,392.75,1041.5,909.75,1175.75,755.75,795.0,313.25,465.25,264.5,247.0,650.75,150.75,11628.0,3086.75,1525.5,2528.25,6198.0,1338.5,7564.0,949.0,3944.0,555.25,329.5,1411.0,540.25,225.75,515.75,488.75,12460.0,217.75,437.5,61615.25
2005-03-12 06:00:00,699.0,2983.0,4995.5,4618.75,4491.0,1844.25,322.0,1732.0,243.0,2102.75,4433.5,248.75,1026.25,297.75,656.0,1137.25,1225.5,1939.75,535.25,380.25,391.0,271.5,253.75,557.0,124.25,3037.75,6523.75,2002.25,2227.0,8341.0,1925.0,7553.25,2308.5,4514.0,1080.25,1745.5,741.75,1044.75,513.25,454.0,1054.25,1612.0,329.5,968.0,73360.5
2005-03-12 07:00:00,469.25,3479.75,5602.25,1330.25,2341.5,1763.0,779.0,770.5,339.5,1394.25,9461.5,198.25,1233.75,3607.5,323.5,346.0,414.5,1125.0,434.75,502.5,603.75,917.5,391.0,422.75,201.75,0.0,3814.0,3040.5,3114.75,14141.75,6205.25,10909.0,1726.0,6391.0,1270.0,868.25,0.0,1000.25,190.75,356.25,0.0,1627.5,197.0,533.5,87846.25
2005-03-12 08:00:00,1821.25,7391.5,3218.75,1388.75,586.75,2065.5,601.0,406.5,266.25,564.5,9170.0,161.0,2441.5,1808.75,376.5,226.5,407.25,549.25,447.5,507.75,350.75,372.5,208.75,740.75,422.25,0.0,4010.25,6268.5,9904.0,13526.5,3153.5,7030.25,1776.25,7196.0,1165.0,1464.0,0.0,862.75,335.25,356.25,0.0,1679.5,163.0,341.25,84814.0
2005-03-12 09:00:00,559.0,3278.0,3643.0,162.0,3441.0,3115.75,1494.5,524.75,442.25,334.75,13323.75,431.5,1684.75,6122.5,3113.5,340.25,386.75,1059.25,474.75,565.5,478.0,247.0,335.25,4074.5,465.75,0.0,3367.0,3485.0,1827.0,9305.25,1616.25,7481.25,2023.5,10384.0,871.0,1490.75,0.0,1085.25,362.75,447.25,0.0,5498.25,307.75,1407.0,95039.25
2005-03-12 10:00:00,7941.75,4274.0,4855.75,2829.0,2843.75,1445.5,300.75,844.0,315.0,4119.25,3531.5,421.5,1270.25,2101.0,1553.5,321.5,429.75,1813.5,551.0,837.0,1094.5,243.75,669.75,747.0,380.25,0.0,5163.75,5454.0,6349.25,18070.25,2325.25,11714.75,4239.75,9994.25,714.75,3679.75,0.0,1352.75,475.5,437.75,0.0,1408.0,2015.25,4358.75,111965.0
2005-03-12 11:00:00,981.5,11028.5,2837.5,848.25,2147.5,2067.75,2453.5,2655.75,1083.75,5549.5,2940.0,331.75,1450.25,12447.5,2141.5,282.5,403.0,3266.5,1288.75,884.0,13853.5,329.75,262.25,1835.5,2362.0,0.0,2733.0,7041.5,5227.0,11994.25,2279.0,11363.0,1600.25,9149.75,3036.75,1738.5,0.0,3114.0,1293.75,395.5,0.0,1081.0,3557.25,783.0,130104.25
2005-03-12 12:00:00,449.5,4142.75,1897.5,3473.0,7932.0,3483.75,377.75,1260.0,263.25,4953.25,1817.25,329.75,4110.5,1177.5,432.5,338.25,535.75,889.5,583.5,331.75,6226.25,1226.0,666.75,1559.75,243.0,0.0,2285.25,5143.75,4490.5,7146.25,1928.25,9815.75,6006.0,7346.5,23272.0,5572.75,0.0,2967.75,2292.0,1497.25,0.0,2986.75,2965.0,406.5,119172.25
2005-03-12 13:00:00,355.5,5823.5,1917.5,3423.75,6711.75,1654.25,341.25,631.25,385.75,3301.5,2105.75,652.0,1491.5,1605.0,379.0,276.25,437.0,1650.5,440.5,326.0,508.75,364.25,401.75,572.0,172.25,6515.25,4684.0,6412.25,6152.25,7998.75,1348.75,7636.5,8052.0,8207.25,744.25,3421.5,0.0,1259.75,661.5,2053.5,303.75,1146.75,2338.5,652.0,83109.75
2005-03-12 14:00:00,349.25,5971.25,1562.25,305.75,6998.5,1351.5,926.75,691.25,267.0,857.25,3843.5,490.0,1604.25,484.0,244.0,351.25,453.5,1327.75,684.5,308.0,553.75,287.75,421.5,584.0,195.75,14896.0,3386.75,5381.25,6447.0,7608.75,1096.5,7537.0,3903.5,6545.75,823.75,1648.25,0.0,940.75,456.5,395.25,884.5,1612.0,1757.25,565.75,65750.5
2005-03-12 15:00:00,304.5,12593.75,1586.0,190.75,309.5,1175.0,401.75,543.75,123.5,4839.5,1826.5,533.5,1373.5,2882.75,2583.5,244.5,240.5,757.0,774.5,421.0,559.75,389.5,416.75,456.25,1296.5,0.0,1782.0,9871.0,8983.75,10609.75,1132.0,6862.75,1336.5,8370.75,1200.5,697.25,0.0,792.0,350.25,388.75,0.0,779.5,856.0,362.5,80926.5
2005-03-12 16:00:00,511.25,4201.0,2030.0,483.0,468.5,3657.0,648.5,736.5,478.5,778.5,1857.0,526.0,2018.25,494.25,465.0,375.5,765.25,1615.25,872.0,1457.5,2267.25,501.75,1424.75,794.5,362.0,34400.5,2394.75,2490.0,2827.25,5510.25,1277.5,7800.75,1342.75,4204.5,892.75,1973.75,0.0,2616.75,2023.25,342.75,1357.5,1976.25,1500.75,620.0,64308.0
2005-03-12 17:00:00,520.0,10135.25,5704.75,2316.0,997.75,14806.5,894.0,897.25,562.0,2110.0,2185.75,657.25,1033.5,451.0,1463.25,240.75,640.5,1514.75,2488.25,412.0,1484.75,667.75,819.75,594.5,309.25,0.0,6884.25,6373.25,10668.75,13753.0,1114.5,14019.0,6649.25,9969.0,6222.0,2030.25,0.0,6788.5,789.0,507.5,157.75,2680.75,1002.75,547.25,130674.25
2005-03-12 18:00:00,2089.75,8501.25,6007.25,5418.25,2416.25,6474.0,2342.25,1646.25,388.0,4187.75,3242.25,2471.25,1303.5,8258.75,2394.25,412.0,1244.5,2364.5,926.75,497.0,2975.0,662.5,212.0,2661.25,1506.5,0.0,7076.0,7048.5,8420.25,18272.75,1296.5,9923.5,6288.25,16416.0,7616.25,4823.0,0.0,3399.0,690.25,1024.25,115.5,5331.0,858.5,507.25,157511.25
2005-03-12 19:00:00,801.5,8166.25,4833.0,1913.75,1252.25,6062.75,1252.75,1100.25,563.75,3342.5,1901.75,1953.25,3330.5,3798.75,1220.5,1223.25,1890.75,1675.25,882.25,524.5,5877.75,1984.75,177.0,1259.5,1015.25,0.0,11351.75,10133.0,10478.25,19210.0,2561.75,11183.0,4258.75,15244.0,1644.0,2870.0,0.0,3760.25,2063.5,1095.5,149.75,1821.25,770.75,309.5,143694.0
2005-03-12 20:00:00,674.5,6768.25,6840.0,1263.75,1814.75,6366.75,1262.5,956.75,588.5,3144.75,2068.0,711.5,1975.5,1119.25,1105.5,600.25,5509.75,2730.5,500.75,502.25,1978.25,1318.0,158.75,12206.75,824.0,0.0,11926.25,6589.25,7663.0,14617.25,1428.75,10496.5,5957.0,8997.5,1855.25,2527.5,0.0,3317.5,2036.0,1407.5,145.5,2426.75,372.75,449.0,134618.25
2005-03-12 21:00:00,1379.25,5415.25,3747.75,457.0,1711.25,5276.75,1334.5,978.75,631.5,6439.0,3523.25,758.0,1418.25,1041.75,680.75,317.5,2216.75,2859.75,528.75,601.0,4353.0,970.25,243.75,9526.5,479.25,219.0,4617.25,5287.0,8889.25,9453.5,1831.25,19184.75,2554.5,8884.75,1483.25,1271.25,170.25,2354.0,964.0,1148.25,340.25,2346.25,581.0,592.25,116519.0
2005-03-12 22:00:00,376.75,5487.25,1890.25,309.0,973.0,2870.5,2188.5,1106.5,1486.75,1896.75,2899.5,715.25,783.5,382.75,542.75,252.0,428.5,352.25,404.5,269.75,3397.5,810.0,429.5,1255.0,525.5,220.5,2378.0,8520.75,4259.25,10988.5,1969.5,11169.0,1920.25,15770.0,13253.75,653.25,211.75,2054.75,508.5,698.75,279.0,1261.75,273.75,467.25,101187.75
2005-03-12 23:00:00,547.5,10097.0,1396.75,256.25,1062.25,2848.25,1042.0,499.5,6689.5,842.5,1425.75,242.0,532.25,268.75,707.25,339.25,384.25,462.5,489.25,212.75,960.0,176.5,121.0,689.5,378.25,14543.5,1520.25,2795.5,2819.0,4350.0,1491.5,14079.75,1051.75,4925.25,1301.25,725.0,486.5,6712.0,626.0,2400.75,441.5,1527.5,268.25,413.25,68838.75
2005-09-03 00:00:00,278.25,3124.0,1058.5,205.25,228.75,1117.75,209.0,158.75,157.0,569.25,484.75,207.5,739.25,155.5,335.5,282.5,203.5,157.0,174.25,151.25,362.0,143.5,160.0,410.75,230.5,1742.25,1122.25,1982.25,2448.25,3349.25,434.5,4868.5,725.75,2410.0,268.75,420.75,498.75,560.25,323.0,280.5,314.0,858.75,142.75,475.75,28998.75
2005-09-03 01:00:00,210.25,2773.75,1187.75,186.5,249.5,1136.5,197.0,179.5,154.75,527.25,467.5,190.75,598.0,145.25,379.0,280.0,177.5,237.0,301.0,156.75,315.0,148.75,214.75,345.25,132.5,1495.25,1159.25,1910.75,2070.25,3193.0,562.5,4809.0,786.0,2552.0,308.5,407.75,431.5,531.5,277.0,322.5,264.75,693.5,251.75,501.0,28501.75
2005-09-03 02:00:00,172.25,3229.0,990.25,176.0,173.25,966.75,200.0,328.75,158.5,463.25,438.0,172.0,521.0,153.75,293.0,279.5,190.5,243.75,225.25,138.25,292.25,139.5,346.5,385.25,188.5,533.5,1040.0,1809.0,4095.0,3790.75,395.75,4650.0,672.25,2146.0,253.0,290.75,162.5,451.5,180.75,291.75,139.0,646.25,124.25,382.25,27533.25
2005-09-03 03:00:00,250.5,2654.75,1157.0,179.25,290.75,919.5,362.75,127.0,166.5,575.75,506.75,165.5,968.75,157.0,333.75,453.5,262.75,201.75,285.75,228.5,396.0,149.75,264.75,369.5,130.5,8251.0,1185.25,1729.0,1862.25,3118.5,517.75,4838.25,732.5,2512.75,308.0,352.25,623.25,437.25,180.0,311.0,327.5,875.75,244.0,562.75,28762.0
2005-09-03 04:00:00,340.5,3229.5,1688.0,417.75,1033.25,1197.0,179.75,217.0,168.75,803.75,516.25,280.5,1372.25,215.75,472.25,312.5,328.75,331.5,326.75,173.0,383.5,162.0,177.75,542.75,255.75,13497.25,1908.25,2125.75,1855.0,3880.5,1133.25,4703.25,1055.0,3286.25,367.0,482.5,1206.75,633.5,356.0,359.0,403.25,1242.5,153.0,531.0,35988.25
2005-09-03 05:00:00,198.25,2499.5,2221.5,935.75,652.0,1362.5,225.25,328.0,157.0,930.0,962.0,307.5,1027.75,202.0,404.75,383.5,489.25,724.75,191.0,119.0,374.75,217.75,163.0,384.0,92.5,1917.25,4497.5,1755.0,4442.75,8933.75,549.0,5301.5,1064.75,2871.25,617.0,648.0,0.0,709.5,375.25,328.75,0.0,988.75,306.75,671.25,44055.5
2005-09-03 06:00:00,1086.25,4404.75,1510.75,280.5,3251.5,1190.75,577.0,132.0,1272.5,815.0,767.0,215.25,967.75,2054.0,332.5,178.75,461.0,1661.5,222.0,254.0,360.25,255.75,149.25,331.75,441.0,813.0,2719.25,1860.25,3434.0,6115.0,1727.75,5821.0,1211.25,3594.75,915.25,472.25,0.0,2141.0,184.25,386.0,0.0,707.75,455.25,439.5,46944.0
2005-09-03 07:00:00,431.75,4702.5,1096.5,530.75,1377.25,1047.0,637.0,188.5,302.0,1117.0,465.0,181.0,922.75,858.5,281.75,261.0,167.5,1733.25,244.75,1407.5,424.75,239.5,163.5,401.5,393.0,5253.0,1702.5,2566.25,4321.75,4847.75,3378.5,4969.0,1688.25,4164.0,1043.5,971.5,0.0,1930.0,118.0,322.0,0.0,987.75,1316.25,656.25,47241.5
2005-09-03 08:00:00,290.25,3700.5,1278.0,502.5,655.5,1128.5,172.5,148.25,287.75,984.25,808.5,160.25,1270.5,6476.25,307.0,274.75,188.5,1720.0,233.5,1942.25,335.5,144.5,156.5,1023.25,269.5,11771.5,1275.0,1521.0,2554.75,3077.5,815.25,4831.0,1335.5,4041.5,375.5,803.75,0.0,1870.0,126.75,442.25,0.0,931.75,825.0,534.25,45496.5
2005-09-03 09:00:00,151.25,4116.75,1037.0,1225.5,1634.75,771.5,181.25,114.75,274.75,2332.0,4664.5,182.75,4531.5,2421.25,295.5,789.75,158.5,1098.0,157.0,807.75,400.0,229.25,159.25,406.25,174.0,1173.75,1131.25,2612.0,3230.25,3784.75,6655.75,4811.5,1876.75,4021.5,404.5,1565.75,0.0,1012.25,218.75,333.0,0.0,1563.5,542.75,460.0,56856.5
2005-09-03 10:00:00,200.25,4711.0,1836.5,848.5,662.25,1054.5,331.75,1495.5,275.25,880.5,986.0,179.25,2546.75,209.75,640.75,1268.5,302.5,527.0,542.75,704.5,1410.5,304.0,152.5,1298.0,1023.0,0.0,2663.5,2295.0,3739.75,6946.0,1300.0,4928.25,1314.75,3452.5,4303.5,699.75,0.0,1412.75,256.75,320.5,0.0,1336.75,670.0,522.25,55206.5
2005-09-03 11:00:00,3069.5,3707.75,2676.75,920.25,1655.0,2124.0,329.5,508.0,298.75,1299.75,915.75,178.5,3540.25,257.0,277.75,629.5,229.25,561.5,356.0,349.75,964.0,228.5,144.5,1173.75,228.0,0.0,3556.75,3797.0,3381.75,6362.0,823.25,4904.0,3147.0,4346.0,2387.25,1117.25,0.0,877.0,263.75,436.25,0.0,2618.0,733.25,453.75,59758.75
2005-09-03 12:00:00,221.0,2899.0,3560.5,494.75,1212.5,2646.25,232.0,2038.75,159.5,998.25,688.5,192.75,2526.25,147.5,315.5,364.0,163.5,427.75,320.5,370.25,386.75,236.5,150.5,911.25,254.25,0.0,4126.75,1763.25,1750.5,4573.75,784.0,4878.75,1958.25,4197.25,416.75,696.25,0.0,1323.25,196.75,522.25,0.0,723.75,532.25,445.0,47152.25
2005-09-03 13:00:00,1641.75,2585.5,3748.5,344.5,1337.0,3360.5,167.25,751.25,166.25,899.0,724.75,225.25,1044.75,590.5,220.25,1333.5,183.5,837.75,313.75,373.5,396.25,234.75,147.0,692.5,182.25,980.5,4146.0,1707.75,1701.75,5305.25,517.75,4919.5,1456.5,3391.0,302.5,598.5,0.0,951.0,206.5,332.0,0.0,3248.5,548.25,550.75,48632.0
2005-09-03 14:00:00,355.0,2308.25,1864.5,181.75,396.0,1621.25,347.5,131.0,174.0,804.5,879.0,356.0,4598.5,154.0,168.75,2070.0,166.75,1175.5,250.0,214.25,325.5,261.75,162.25,955.5,353.0,11239.5,2426.0,1455.25,1671.75,4597.0,736.0,4832.75,970.5,3090.0,310.25,398.75,0.0,553.5,211.75,374.75,0.0,1171.75,456.5,519.5,41352.25
2005-09-03 15:00:00,427.5,5456.5,1719.75,196.0,3761.0,1203.0,1581.0,202.25,201.25,866.25,907.75,265.25,7441.25,1510.75,283.75,219.75,322.75,779.75,684.75,1552.5,652.25,269.5,154.0,474.75,173.25,3967.0,2348.0,3932.0,5754.5,5513.0,846.0,4817.0,1525.0,3194.0,491.5,491.5,0.0,1029.75,317.25,379.0,0.0,810.25,359.5,551.75,53590.25
2005-09-03 16:00:00,218.5,6524.75,3847.75,3139.75,1793.75,1230.5,313.5,140.5,214.25,1604.75,756.0,271.25,7002.5,388.25,307.25,259.5,318.75,1259.0,502.25,177.25,2001.25,287.0,153.5,517.75,235.75,0.0,4764.75,5227.0,7632.25,9368.5,645.0,5074.0,2635.75,4287.5,2841.75,1682.0,0.0,1189.0,377.5,414.0,204.5,2563.0,262.25,672.75,73199.75
2005-09-03 17:00:00,1392.25,6503.5,2721.25,1385.0,679.0,1274.0,276.75,280.5,229.5,1111.5,717.0,326.0,5525.75,252.75,3187.75,300.5,376.25,3020.5,537.75,249.5,1021.75,859.0,160.25,1155.5,2396.0,1517.5,2619.75,7348.75,4162.75,14716.75,781.75,5717.5,1440.0,12059.75,5407.0,652.5,0.0,1126.0,265.0,478.25,223.5,2341.25,326.0,477.0,90462.25
2005-09-03 18:00:00,230.0,5242.25,2589.0,2885.0,646.0,2453.75,198.75,989.25,310.75,3624.5,1212.0,1675.0,773.75,350.5,2190.75,562.0,986.25,2180.5,482.5,268.5,1816.75,1418.0,167.0,2061.0,1970.0,14775.0,3503.0,3024.0,3265.25,9889.25,944.0,6448.0,4167.5,5339.25,603.25,3244.75,11.5,1894.75,1047.0,1246.25,309.25,2906.0,1651.0,537.75,81121.75
2005-09-03 19:00:00,644.75,5229.25,2237.25,1648.25,465.75,5650.75,579.5,991.75,297.0,2642.0,1019.75,502.0,684.75,374.25,550.75,1974.25,1201.0,1084.25,628.75,299.0,631.25,531.0,165.25,836.25,343.75,505.5,3123.0,6131.25,4761.25,8565.25,578.75,5883.0,3134.75,9465.25,6178.75,4018.0,0.0,3862.0,3024.25,752.75,208.5,2804.0,822.0,402.25,88373.0
2005-09-03 20:00:00,354.25,2947.75,2044.0,465.75,653.0,4075.0,739.75,1004.25,244.5,1862.0,1040.5,506.0,609.0,576.25,477.0,370.25,913.75,894.75,392.5,272.0,1748.5,489.75,154.0,1003.25,395.0,2614.5,2658.5,4584.0,2673.0,7023.0,896.25,6989.0,2116.25,8824.75,5337.25,2158.25,0.0,2664.5,2024.25,761.25,218.75,1376.25,317.0,483.25,71232.0
2005-09-03 21:00:00,182.25,2979.0,1746.25,323.5,691.25,2268.0,1599.25,535.75,279.75,1355.5,1074.75,585.25,573.25,350.5,359.5,537.75,836.5,1349.25,286.0,164.5,1956.5,641.0,178.25,719.75,391.25,13268.75,2464.5,2491.0,2924.75,4661.0,1064.0,6777.25,1975.5,4425.25,996.5,608.75,971.25,859.5,306.75,719.75,377.5,983.25,386.0,487.0,49813.5
2005-09-03 22:00:00,221.0,2692.5,1359.75,253.25,892.75,1287.0,339.75,196.25,282.0,848.25,1028.75,215.75,522.5,166.25,348.75,690.5,221.5,225.75,257.75,211.75,676.75,174.25,166.0,369.25,259.75,9494.0,1583.0,1688.25,1844.5,3007.75,622.5,5373.5,914.25,3178.0,2046.25,409.0,635.0,588.5,225.5,363.75,352.5,781.5,192.0,582.0,34096.75
2005-09-03 23:00:00,212.25,2388.5,1149.75,207.5,516.25,1013.5,955.25,124.0,181.0,631.0,533.25,195.5,500.5,150.0,316.0,358.25,269.0,494.0,164.5,166.0,350.0,130.5,170.0,353.0,231.25,3310.0,1095.25,1367.25,1498.75,2775.5,506.25,4865.25,799.75,2798.0,379.5,349.25,462.75,516.25,121.25,331.25,291.75,893.75,184.25,450.0,28312.0
2005-04-07 00:00:00,345.75,2620.25,1294.0,188.5,298.0,2144.0,283.25,458.5,180.25,392.5,2388.25,298.0,319.25,240.75,392.25,479.5,339.75,264.25,414.5,221.0,319.0,218.25,112.5,545.75,401.0,19001.0,1512.0,1301.25,1520.5,3112.25,754.25,5865.25,832.25,3112.75,607.75,367.25,769.25,518.75,230.25,353.0,486.5,1283.0,236.5,567.75,35098.5
2005-04-07 01:00:00,459.0,2139.75,1175.75,193.25,319.25,2112.75,388.5,121.75,112.75,403.5,2158.25,176.75,470.5,252.0,341.75,392.25,323.0,156.75,509.5,326.0,484.0,212.0,208.5,486.0,179.75,22015.75,1374.75,749.5,1067.0,2541.0,928.5,5650.5,688.75,2845.25,473.75,270.75,813.25,344.5,107.75,360.5,595.0,1512.75,203.5,551.5,32071.0
2005-04-07 02:00:00,470.0,2555.25,1037.5,146.25,373.75,1304.5,360.5,286.75,222.25,332.25,2597.75,174.25,451.75,241.75,609.5,473.25,391.5,160.5,400.0,293.5,323.25,225.75,167.0,541.0,242.25,31459.0,1183.75,1004.5,1400.0,2823.75,1126.25,5284.5,667.75,2602.75,609.75,370.0,943.75,562.25,184.5,277.5,575.25,1700.75,278.0,418.5,32602.5
2005-04-07 03:00:00,343.75,2956.25,1101.25,170.75,733.25,1070.5,957.25,339.5,121.0,460.5,8562.0,219.25,1432.75,249.0,297.5,443.5,320.0,204.75,351.0,289.0,409.0,205.5,144.75,375.25,197.75,20744.25,1118.5,1529.0,2253.5,3365.5,925.0,5451.0,675.0,2402.0,461.0,264.5,789.0,404.5,102.75,278.25,545.25,1439.0,181.75,463.5,39980.25
2005-04-07 04:00:00,480.5,2398.75,1062.75,164.75,734.25,1095.25,425.5,340.0,128.75,321.5,9826.75,156.0,2332.0,260.25,474.25,414.75,324.75,509.0,367.0,308.75,437.75,181.75,159.5,419.5,207.5,13998.0,1260.75,1205.0,1464.75,3135.0,735.5,5068.0,657.0,2459.25,478.0,371.0,1453.25,417.25,213.0,242.75,466.75,1662.25,246.0,595.25,41168.5
2005-04-07 05:00:00,439.5,2158.0,1087.25,135.25,540.75,1222.0,320.5,318.25,198.25,374.75,9909.25,231.0,1610.75,354.75,352.5,512.25,338.0,1023.0,585.25,349.0,295.75,262.25,223.25,519.25,163.25,22691.5,1588.5,839.0,1202.5,2698.0,1238.0,5272.25,616.0,2312.25,489.75,261.5,681.5,457.25,162.5,282.25,414.75,1485.75,473.75,842.25,41330.25
2005-04-07 06:00:00,686.0,2134.75,1300.5,158.5,1148.25,1526.75,782.0,597.5,98.75,539.25,6660.25,194.0,1255.0,619.75,399.5,411.75,297.0,1534.5,653.25,328.5,343.0,566.75,211.0,544.5,197.0,14042.5,1817.75,1997.5,1884.25,4293.75,1180.0,5777.0,1439.75,3768.0,515.75,347.75,0.0,642.25,234.5,1018.0,435.25,8187.0,450.75,371.5,53531.5
2005-04-07 07:00:00,542.5,2232.5,1612.25,1182.5,1098.5,3541.25,763.75,640.25,175.0,1577.5,8173.5,186.25,810.0,823.75,670.25,428.25,347.5,5897.5,698.75,766.0,530.5,401.75,420.5,564.0,156.75,2216.75,1731.0,1617.0,1555.5,4002.5,787.75,5780.75,2038.0,4240.75,924.75,3319.5,0.0,2812.25,2435.5,641.5,356.25,1291.0,384.25,539.25,65129.25
2005-04-07 08:00:00,404.75,2307.0,2686.0,1352.0,389.5,5349.75,767.5,754.5,164.25,818.5,5051.0,238.75,664.5,233.75,6018.0,379.75,274.5,1916.0,518.5,1257.25,803.5,446.25,788.5,1356.0,325.0,2146.75,2911.75,1880.0,3210.5,5524.75,772.0,5384.5,1372.5,7456.0,1153.75,4034.0,0.0,4293.75,3953.0,542.5,267.25,3637.25,386.5,610.25,78237.25
2005-04-07 09:00:00,306.75,2290.25,2298.5,1096.25,549.25,2108.25,473.5,1656.75,88.0,888.5,5556.0,185.5,569.0,302.75,1092.0,371.75,263.25,8322.25,384.0,356.75,621.0,373.5,968.75,1152.75,396.0,0.0,2370.0,4367.75,1650.0,7393.0,723.75,5393.0,1574.5,8828.25,962.75,1409.25,0.0,1186.75,935.0,252.25,47.5,2049.5,175.25,446.5,69926.25
2005-04-07 10:00:00,355.0,4366.5,2440.25,2384.75,1126.5,2929.25,732.0,1620.75,168.5,3138.75,4056.75,368.75,564.75,2961.75,2879.0,328.0,297.75,3283.0,291.75,510.25,792.25,349.0,829.5,1524.0,1227.75,0.0,2786.0,4355.25,1307.75,7681.5,704.5,5030.0,2503.5,7634.75,1061.5,3543.0,0.0,2249.5,2058.25,278.0,61.75,3910.0,243.25,492.5,82519.75
2005-04-07 11:00:00,568.0,1821.5,2579.5,2452.5,627.0,2898.5,1083.25,1523.75,118.75,1735.5,2006.75,238.25,623.5,406.25,2605.0,387.5,273.0,1368.0,301.75,384.75,2459.25,329.25,856.25,982.0,140.25,0.0,3847.75,2093.75,1777.25,6042.25,966.5,5180.0,3612.75,3840.0,1044.5,3515.0,0.0,2262.25,1812.0,261.75,36.25,3128.5,293.75,407.75,66039.0
2005-04-07 12:00:00,1185.0,1872.75,4428.5,2139.75,698.0,4121.0,963.5,413.0,134.25,2044.75,3279.75,211.5,580.75,324.25,803.0,328.25,254.75,2308.0,393.75,359.0,1350.25,340.25,719.5,763.5,130.75,0.0,4667.25,1995.75,1928.75,5828.5,1102.0,5485.75,3504.0,5083.5,1767.25,3000.75,0.0,1111.5,580.75,521.5,161.5,10217.25,310.25,515.75,74697.0
2005-04-07 13:00:00,601.25,5365.0,4064.25,2546.5,664.25,2627.5,410.25,635.5,248.5,1590.75,4070.0,325.75,669.75,356.25,1157.25,457.0,313.75,1804.75,513.5,439.5,378.0,270.5,692.25,1468.5,176.75,0.0,7879.5,4270.75,9662.75,15708.75,973.0,5668.5,2651.5,3612.0,2471.75,1333.0,0.0,888.25,249.25,1043.0,332.5,1441.75,1060.0,599.0,79724.5
2005-04-07 14:00:00,2971.5,2270.75,3671.25,1126.25,466.25,2632.0,383.5,439.5,157.0,985.25,3402.5,233.0,532.0,216.75,688.5,313.75,306.75,5162.0,364.75,339.5,350.5,397.25,983.75,529.25,129.0,0.0,5760.75,2783.25,2220.0,6230.0,855.0,6221.75,3488.0,6042.25,1704.25,768.5,0.0,1421.75,220.75,384.25,159.5,1023.25,664.25,322.0,65655.0
2005-04-07 15:00:00,386.75,2472.5,3715.25,739.75,441.5,3230.0,321.5,659.5,116.75,742.25,4158.0,624.0,636.75,464.25,1263.25,395.0,266.5,2235.25,327.5,306.75,543.75,549.75,615.5,522.5,163.75,0.0,5508.25,2818.5,2584.0,6709.5,832.25,5904.0,2904.25,5238.25,860.75,1031.75,0.0,1562.5,771.5,306.5,36.5,3727.5,960.25,444.25,63959.75
2005-04-07 16:00:00,3857.5,2749.0,4843.75,1586.5,501.75,2537.0,715.75,576.5,301.0,963.5,10514.75,1217.5,1370.25,3293.25,1306.0,355.25,290.75,4236.25,370.5,318.75,667.25,809.5,393.5,958.75,141.5,0.0,8927.5,2716.5,3137.25,6899.25,1218.25,6282.5,5403.75,6420.0,1149.5,1463.25,0.0,1810.0,570.75,486.75,189.75,3615.75,930.0,1843.0,92880.0
2005-04-07 17:00:00,584.25,9934.0,2912.5,2144.25,578.25,3600.0,762.0,402.0,5758.75,2737.75,6666.75,347.0,1164.25,561.75,672.25,419.0,284.75,2191.0,531.5,314.75,1011.75,874.5,261.75,1327.75,338.75,0.0,4510.5,3494.75,4049.25,5483.75,6279.5,12021.0,5813.25,8852.25,2838.25,3070.5,0.0,9223.25,754.75,726.75,146.75,1150.25,1043.75,2197.5,106460.5
2005-04-07 18:00:00,578.5,7335.75,3724.25,1178.75,1025.75,6219.5,358.25,307.0,3301.0,2745.75,2984.25,1673.25,1486.75,1837.0,1247.5,380.0,269.0,5862.25,951.75,403.5,4981.75,2028.75,540.5,873.0,243.5,135.25,6323.0,4494.0,4688.75,6698.0,5131.0,9501.75,4893.25,7767.5,2178.75,5487.5,111.25,8550.5,4612.0,978.0,316.25,1382.75,569.75,505.0,116713.5
2005-04-07 19:00:00,801.5,5580.5,2215.0,1303.25,1139.25,4454.0,838.75,412.25,761.5,2754.0,2456.0,2566.75,2427.75,2048.5,1584.0,480.25,325.5,3370.75,2753.25,547.5,2253.75,784.5,693.5,959.5,268.0,2726.5,3198.5,6231.0,5647.25,10012.5,6246.0,7204.75,4250.75,10098.0,1852.0,3261.25,384.5,4078.25,2736.25,793.0,382.0,1480.5,668.0,367.0,103688.5
2005-04-07 20:00:00,450.5,4744.5,2282.0,1177.75,1831.0,3872.5,773.75,404.75,375.5,2201.25,2436.5,623.75,1739.75,559.75,1133.0,367.75,349.25,796.0,3232.0,590.0,340.75,1054.25,2221.0,1296.0,224.75,12547.75,3156.25,4258.0,3517.5,5795.25,8308.5,6817.25,2757.75,7226.5,5220.5,1887.75,1352.75,2524.25,1408.25,1132.0,492.25,2362.75,466.75,587.0,86313.5
2005-04-07 21:00:00,280.25,4163.0,2573.75,1408.25,3130.25,5108.5,1423.25,278.75,232.25,2699.25,5870.5,591.75,993.75,451.25,1030.75,482.0,278.25,438.5,507.75,286.5,1438.75,720.0,1945.5,484.75,305.0,6856.25,3456.75,3923.75,3494.25,5928.25,5211.5,7549.75,3241.25,6899.75,2353.0,2124.25,730.75,1776.0,967.0,683.5,410.5,9623.5,493.5,468.75,87967.0
2005-04-07 22:00:00,390.5,3347.5,2336.0,824.0,3814.0,4265.75,682.75,1033.75,327.25,1935.5,5490.5,748.25,969.25,457.25,698.0,317.5,339.0,409.5,319.25,160.75,735.0,317.25,104.25,384.5,228.25,7960.75,2769.75,3064.25,2227.0,4911.0,900.75,7407.0,2184.25,6174.5,1985.5,696.5,601.0,944.25,181.5,783.25,440.75,2135.5,224.5,495.75,61128.0
2005-04-07 23:00:00,402.0,2774.0,1313.0,1828.75,795.0,2738.5,1574.25,942.0,256.75,2230.5,2222.5,466.25,1361.0,308.75,419.25,470.0,369.5,464.0,362.5,171.5,431.75,206.25,139.25,476.0,270.0,10690.0,1603.75,1754.0,1614.0,3169.25,1096.0,6115.0,2760.0,4017.5,1163.0,1888.75,635.5,651.5,239.0,799.75,465.5,1498.5,229.75,395.25,49092.75
2005-08-26 00:00:00,215.75,2392.5,1106.25,161.75,276.75,1220.0,154.75,298.5,157.25,654.25,465.25,165.0,330.0,158.0,478.0,307.0,198.0,250.25,217.0,186.0,383.25,136.75,136.5,258.25,221.5,1332.75,1082.75,1460.5,2039.0,2781.0,760.0,5139.75,631.75,2618.25,375.0,281.75,420.25,403.0,182.25,224.5,243.5,1540.25,203.75,589.25,28164.5
2005-08-26 01:00:00,201.25,2591.25,931.5,179.0,396.0,1014.5,159.5,154.25,171.75,414.5,717.5,181.0,813.5,176.75,252.0,207.75,231.25,215.25,252.75,211.25,534.75,150.25,144.75,387.75,119.75,2386.5,949.0,1581.0,2051.75,2803.25,802.25,4558.5,712.0,2778.5,271.0,388.5,755.25,504.0,232.75,319.5,347.0,1055.75,153.75,657.5,27855.5
2005-08-26 02:00:00,214.0,2849.75,1191.75,165.25,325.75,1210.75,160.0,146.5,172.0,372.0,712.5,186.25,715.5,149.0,292.75,339.25,258.0,168.75,354.5,173.5,471.5,142.0,148.0,402.0,219.25,1992.5,1048.0,1749.75,2091.0,3224.25,441.0,4636.75,740.0,2453.25,336.25,334.0,601.0,464.0,172.25,256.5,335.5,977.0,219.5,678.5,28554.25
2005-08-26 03:00:00,244.25,2607.75,1000.0,172.5,488.75,1064.5,381.25,247.75,98.25,465.25,856.5,199.75,632.5,144.25,328.25,235.5,182.0,161.25,403.25,193.25,482.25,137.0,175.0,401.5,136.25,3130.5,1149.75,1654.25,2032.0,3212.25,982.0,4630.5,679.5,2362.25,457.75,364.75,1038.0,407.0,246.25,281.0,415.25,1404.5,156.0,749.25,29432.75
2005-08-26 04:00:00,197.25,2550.75,1063.0,169.5,438.25,1180.5,197.25,146.5,105.25,415.5,908.25,177.5,770.0,161.25,260.5,592.25,183.25,156.0,275.75,184.75,474.5,133.0,244.5,474.5,190.0,3738.5,1097.25,1452.5,1724.5,3060.75,519.25,4515.0,704.5,2192.25,362.75,333.0,868.75,380.75,148.0,256.5,374.25,1543.25,220.25,681.25,28353.25
2005-08-26 05:00:00,1360.5,3396.0,989.75,167.5,297.75,1034.25,234.25,198.75,122.0,360.5,839.75,231.75,397.5,152.5,423.0,223.25,242.25,425.5,250.5,164.5,462.0,130.25,159.5,362.5,124.5,2280.5,846.5,2044.75,2816.5,3289.75,662.0,4496.25,767.25,2905.75,370.0,407.0,761.75,925.25,171.75,312.75,323.25,1287.75,171.0,851.25,31668.75
2005-08-26 06:00:00,573.75,3307.0,2110.5,1180.5,975.25,1206.0,227.75,648.5,178.25,488.0,723.5,390.5,755.25,311.75,270.75,256.75,241.25,1579.0,430.0,161.25,466.25,217.5,149.25,525.25,213.75,869.5,2566.75,2364.5,3542.25,5677.5,651.25,4673.75,937.25,2612.25,250.25,360.25,241.75,474.25,107.25,440.75,208.5,1070.5,175.25,504.0,39124.5
2005-08-26 07:00:00,261.5,2670.25,1620.75,915.5,680.0,5707.75,187.5,368.75,143.75,690.25,618.5,142.25,695.5,280.0,354.25,190.0,155.5,1156.0,443.25,258.0,285.5,243.0,209.5,329.75,77.5,0.0,2618.25,1666.5,3928.25,5075.25,554.5,5317.5,1046.5,2959.0,219.0,573.5,0.0,507.0,148.0,383.5,0.0,526.5,154.75,225.5,39681.25
2005-08-26 08:00:00,507.75,2189.25,1480.25,359.0,706.25,8045.25,618.25,320.25,173.5,580.5,623.5,257.5,519.0,1692.25,1225.5,216.25,131.75,700.5,274.0,172.0,509.75,215.0,177.25,363.0,207.0,185.75,2903.5,1544.25,3064.25,5880.5,566.5,6132.5,876.5,4058.0,297.75,359.25,26.75,538.0,106.5,285.25,63.5,2691.5,140.75,268.5,47893.25
2005-08-26 09:00:00,233.0,1708.5,1431.5,239.5,398.75,11878.25,552.25,3339.75,116.25,545.0,808.0,236.5,531.0,1240.0,537.0,209.25,549.25,891.25,174.75,216.25,741.25,182.0,134.75,484.0,118.25,0.0,4343.0,1604.5,4123.25,8866.5,2345.0,7699.25,1147.5,6183.75,549.5,489.0,0.0,521.25,160.25,453.75,9.75,2402.0,168.0,266.25,64012.75
2005-08-26 10:00:00,252.0,2497.0,2113.0,247.0,1363.5,2120.5,1460.0,3837.25,231.0,454.0,990.75,275.25,505.0,595.0,219.75,364.5,623.25,1374.25,296.75,113.0,742.75,195.0,132.0,763.0,179.75,28.5,4520.5,1676.0,4571.5,8767.25,5058.0,4464.5,985.5,3043.25,418.25,536.5,0.0,468.25,161.0,322.5,89.0,1542.75,131.0,326.75,52641.75
2005-08-26 11:00:00,1719.25,2030.5,3913.25,392.0,683.75,3901.25,1042.75,6572.25,253.0,862.25,1039.25,404.25,514.25,2012.75,260.0,226.25,292.25,1270.75,256.25,143.0,2695.0,224.5,374.0,466.0,104.0,115.75,5605.5,1148.25,3310.0,8161.5,703.25,5214.25,1417.25,2518.0,406.25,625.75,0.0,804.25,193.5,232.5,62.25,2276.25,192.25,347.75,60370.25
2005-08-26 12:00:00,437.5,3370.0,1764.25,733.75,642.75,1896.75,1731.75,5891.0,203.25,1102.25,881.5,260.75,462.25,1755.0,263.75,187.75,291.5,914.25,301.5,162.5,2246.75,202.5,110.5,408.5,176.25,0.0,2117.75,1855.0,4350.0,4677.75,742.75,4924.25,1640.75,2708.75,468.0,993.0,0.0,992.0,162.25,290.5,0.0,656.75,121.5,238.0,48020.0
2005-08-26 13:00:00,1693.5,2385.0,1460.25,462.75,278.25,1806.75,2206.0,919.25,197.0,819.25,668.0,235.5,527.0,907.25,212.5,430.25,594.25,523.75,284.0,139.75,927.0,252.0,225.25,699.75,50.25,0.0,1790.5,1176.5,2130.25,3176.5,932.0,5028.25,1502.0,2512.0,558.5,724.25,0.0,1148.75,174.25,273.75,0.0,944.75,162.75,211.75,38583.0
2005-08-26 14:00:00,338.75,2464.0,1704.25,202.75,195.25,1931.5,1870.25,807.75,201.75,460.25,853.25,217.25,661.0,1439.25,255.75,236.5,258.0,659.25,272.75,136.0,612.0,145.25,217.25,674.25,176.0,0.0,1750.5,1390.5,1797.5,3317.25,914.75,4756.0,1112.5,2567.75,597.25,469.5,0.0,971.25,161.25,281.5,34.0,1294.25,133.75,273.25,36450.75
2005-08-26 15:00:00,300.5,3213.25,1724.5,187.5,193.0,2177.0,1879.75,1111.0,277.5,881.0,1268.5,282.0,956.75,386.5,228.0,496.75,531.0,4393.75,404.25,197.25,1019.0,345.0,446.25,462.75,404.0,69.75,1886.25,1631.5,2301.75,3898.0,1283.5,5340.5,1162.75,3276.25,864.5,825.5,0.0,1697.0,535.25,318.75,112.5,1351.0,172.0,396.75,47763.75
2005-08-26 16:00:00,328.25,6738.5,1379.0,1527.0,493.25,3298.75,1209.0,969.5,291.25,3854.75,1141.75,290.25,1473.5,6101.75,542.5,645.0,412.25,1625.25,489.75,153.0,1140.5,505.5,470.25,1111.75,539.0,416.25,1694.0,5024.75,5723.25,6281.0,1062.5,6907.5,3755.75,5662.75,920.25,2210.25,110.75,3151.75,727.25,209.75,89.0,1281.25,163.25,407.25,75242.75
2005-08-26 17:00:00,990.0,4898.5,1690.5,862.75,4932.75,6253.5,257.0,1005.25,331.75,1209.0,1731.75,706.0,3232.0,2999.75,789.25,756.0,630.75,1764.5,1476.25,196.5,441.75,648.5,561.25,680.0,826.75,949.75,2184.0,3438.75,4394.25,7302.75,1507.0,5140.0,2479.75,6544.25,2331.0,5254.25,271.0,6439.0,5314.5,449.75,129.5,3740.75,159.5,492.0,87225.25
2005-08-26 18:00:00,420.0,4333.5,2538.25,2588.75,1413.25,4184.5,492.75,1539.25,293.75,3217.0,1152.0,415.75,571.75,5793.25,1026.75,835.25,1417.25,1239.5,1302.5,198.25,345.5,470.5,465.75,742.5,836.75,478.25,3077.75,5326.25,2574.25,8853.75,1918.5,6222.75,3105.5,9722.75,1372.5,3364.5,0.0,3101.5,2258.25,428.75,41.75,1293.5,184.75,442.75,86616.25
2005-08-26 19:00:00,618.25,4267.75,5103.0,2241.0,1316.5,6336.5,532.75,2085.0,282.5,2325.0,989.5,903.0,563.25,1473.5,3169.25,615.5,973.0,1116.75,711.0,331.5,374.75,599.5,294.75,1097.75,345.5,103.25,5434.75,5846.25,3653.75,11038.25,1868.25,6316.0,3334.5,9922.5,1817.5,2047.25,0.0,2138.75,684.5,543.75,148.25,1479.5,143.0,410.5,89950.0
2005-08-26 20:00:00,690.25,3211.0,3587.5,807.25,1635.5,5111.5,449.25,1316.75,257.0,1815.0,493.75,696.75,585.75,2433.75,941.25,592.0,718.75,1063.25,339.5,439.25,749.25,562.75,287.5,1043.5,307.5,381.0,3552.75,6411.25,2616.0,10077.25,1936.75,6298.75,2414.0,12206.75,1145.25,1164.75,0.0,1155.75,347.75,745.0,180.75,2692.25,203.25,513.75,78905.0
2005-08-26 21:00:00,348.0,2677.75,3871.25,895.75,1036.5,5197.0,237.75,318.25,253.75,1492.75,495.5,487.5,726.75,2946.0,295.75,410.75,250.75,629.75,305.0,482.5,735.25,525.0,315.5,767.5,290.0,1163.75,4024.5,2516.25,2042.0,6153.25,1600.5,6060.75,2372.25,4824.0,437.25,1259.0,176.5,784.75,356.0,456.0,221.0,2848.25,135.75,486.0,58880.75
2005-08-26 22:00:00,246.25,2549.0,1085.25,285.25,789.25,3459.5,203.5,139.5,198.5,558.5,498.0,188.75,723.75,510.5,236.5,271.5,179.75,181.25,365.75,278.25,590.0,144.25,407.25,438.75,317.0,3779.0,1216.25,2263.5,1286.75,3591.25,848.75,5561.25,1604.25,4559.0,355.5,578.25,796.75,587.75,278.25,399.25,385.0,958.75,224.75,749.0,37409.0
2005-08-26 23:00:00,226.25,2545.25,1170.0,251.25,814.0,2323.25,161.75,173.0,187.75,644.25,516.5,216.75,651.75,165.25,234.25,346.5,164.5,155.75,355.5,208.0,462.5,154.5,153.0,415.25,245.0,2406.0,1226.0,1482.0,1450.25,3169.75,854.75,5121.75,880.5,3092.5,442.5,473.75,771.0,567.25,219.5,379.75,350.0,1238.5,147.0,679.0,31767.5
2005-08-07 00:00:00,236.75,2609.5,1055.75,214.0,398.5,1499.25,211.25,169.75,200.0,434.0,514.75,210.75,337.25,204.5,284.5,459.75,285.5,192.0,427.75,256.5,650.0,195.75,209.25,503.0,204.75,5965.25,1175.25,1533.75,1228.5,2612.75,592.0,4782.75,774.75,3058.0,3548.5,505.0,1735.75,623.5,436.25,355.75,751.0,1254.0,179.75,519.75,33138.25
2005-08-07 01:00:00,276.5,2773.0,1337.25,223.0,457.75,1820.5,223.0,306.25,239.75,477.0,567.0,199.0,406.25,187.0,220.5,321.0,277.75,225.75,497.25,283.25,549.75,203.0,211.5,498.25,230.0,6963.5,1240.0,1166.75,1083.5,2760.75,904.75,5096.0,863.5,2857.25,846.5,479.5,2304.75,622.25,267.0,326.25,977.75,1508.25,344.5,851.5,32104.0
2005-08-07 02:00:00,297.25,2787.0,971.5,219.75,388.5,1591.5,208.5,182.5,206.0,551.25,565.25,240.5,443.75,162.25,309.0,422.75,293.75,181.25,428.75,274.25,739.75,169.0,207.25,571.75,200.5,5876.5,1083.0,1403.5,1643.5,2939.25,775.75,4978.75,850.0,2649.25,933.0,523.0,1868.75,697.75,367.75,326.5,640.0,1391.25,241.0,585.25,31523.0
2005-08-07 03:00:00,206.75,2835.75,1124.5,193.75,347.25,1257.75,498.5,207.75,91.25,491.75,489.5,215.5,626.5,3470.5,283.75,624.5,220.5,252.5,262.0,268.0,464.75,192.5,188.25,381.0,155.25,11448.0,1024.5,1782.75,2029.75,3142.25,510.0,4673.0,830.0,2361.75,618.0,389.5,1193.0,379.75,155.75,359.25,511.25,920.25,198.25,528.25,32586.5
2005-08-07 04:00:00,369.25,1981.25,1195.25,400.0,612.5,1128.75,207.5,234.75,159.75,411.25,449.75,245.25,969.0,1094.5,199.75,331.5,159.5,289.5,372.0,172.5,563.25,140.0,159.75,605.75,206.25,12567.25,1182.75,1041.75,946.75,2899.25,671.0,4586.5,735.25,2997.5,611.0,450.0,663.0,550.25,231.75,399.0,399.25,1095.5,213.0,446.0,29783.75
2005-08-07 05:00:00,1079.75,1607.75,1065.0,259.75,555.25,1067.25,302.75,1221.75,175.25,488.0,456.5,441.5,1173.5,158.75,268.0,706.5,349.0,1094.0,383.25,218.0,374.75,228.75,144.5,384.25,141.25,5538.0,2780.5,792.5,2757.25,5715.0,851.25,4524.25,912.75,2345.0,524.0,447.25,0.0,570.25,240.25,338.0,0.0,708.0,195.0,498.5,34862.0
2005-08-07 06:00:00,346.0,1908.5,993.75,302.0,839.75,1000.75,277.0,1585.0,341.5,758.25,675.0,169.0,1746.5,607.0,162.75,220.0,230.75,1257.25,312.75,335.5,494.25,269.0,144.0,250.0,232.0,12300.25,1064.75,1364.0,1070.5,2746.5,491.25,5011.5,869.75,3170.0,516.25,612.25,0.0,766.75,323.5,469.25,0.0,650.0,217.0,463.5,32796.25
2005-08-07 07:00:00,347.25,1763.75,1074.25,358.75,1611.5,1132.25,364.5,826.0,193.75,586.0,381.75,171.25,911.75,261.75,416.5,251.0,521.0,816.75,214.5,576.75,307.5,163.0,131.25,303.5,100.0,0.0,1093.25,7328.25,1110.75,8462.75,2757.75,4680.25,1011.25,15025.5,543.5,561.25,0.0,667.25,247.5,339.5,0.0,530.75,134.5,273.25,55503.0
2005-08-07 08:00:00,276.25,1927.0,2352.5,1681.0,607.5,2278.25,146.0,2092.0,296.5,546.25,678.5,187.25,1549.5,897.25,200.5,191.0,516.5,595.5,205.5,168.75,452.5,142.0,165.75,512.75,226.0,247.25,2672.5,1407.75,1086.75,4312.5,1933.25,4627.75,969.75,3061.25,449.5,1903.75,0.0,2184.75,1820.0,3031.75,0.0,982.0,802.75,438.5,47783.5
2005-08-07 09:00:00,277.25,1872.0,2865.0,2241.25,1405.25,1014.5,909.5,1407.5,330.5,561.5,639.5,167.0,1210.5,4517.75,161.0,255.5,2110.5,250.5,251.5,509.25,326.5,192.25,144.75,334.5,108.5,0.0,3768.25,1024.5,1091.75,4269.75,1987.25,4627.0,822.75,2245.0,348.0,563.5,0.0,742.0,380.0,854.5,0.0,1160.75,721.0,364.75,45486.0
2005-08-07 10:00:00,331.25,1909.75,1204.0,436.5,1913.75,1130.5,1488.75,2665.75,282.5,603.75,512.5,146.25,1054.0,1909.25,233.75,185.75,1247.75,628.25,426.25,185.5,367.0,259.5,134.5,792.75,169.75,0.0,3011.25,3129.0,2065.0,6479.5,1054.25,4521.5,1040.25,6021.0,367.25,765.0,0.0,942.75,602.5,640.25,0.0,1042.25,1128.75,258.5,47898.25
2005-08-07 11:00:00,531.5,1609.5,1164.75,401.75,752.25,1050.25,473.75,469.75,180.0,537.0,527.25,167.0,1409.5,948.0,213.0,190.25,606.5,326.75,285.0,222.5,275.0,220.75,128.75,332.5,127.25,0.0,3097.75,4356.5,2977.25,9512.25,768.75,4475.5,864.5,9166.0,289.5,678.5,0.0,1004.5,748.0,457.25,0.0,455.0,489.0,208.25,48300.5
2005-08-07 12:00:00,692.5,1750.5,1037.25,308.5,308.0,908.75,289.25,183.0,132.25,534.5,624.0,186.75,1059.75,215.75,361.25,230.75,391.0,257.75,308.5,125.25,345.0,131.0,120.75,215.0,147.0,0.0,2248.5,2320.0,2506.25,6212.5,709.75,4362.25,782.25,4764.75,285.0,525.75,0.0,682.75,532.75,329.5,0.0,362.25,392.25,177.0,34718.75
2005-08-07 13:00:00,1458.75,1951.5,1243.5,337.0,869.25,1031.25,155.25,138.75,74.5,612.25,408.5,248.0,3179.5,143.0,297.25,207.0,505.0,384.25,268.0,187.5,331.75,203.5,140.0,563.0,140.25,0.0,2634.25,1584.0,2835.5,5487.75,1035.25,4376.5,1013.0,3108.75,338.0,693.75,0.0,645.75,419.75,252.0,0.0,2105.25,838.0,278.75,38107.5
2005-08-07 14:00:00,191.75,2419.5,1620.75,429.0,382.5,1086.0,731.0,155.25,107.0,883.0,417.75,239.75,772.25,141.5,253.75,241.75,468.25,900.25,839.75,154.25,485.0,298.0,129.0,559.75,159.0,0.0,2935.75,3395.0,2736.5,6227.5,1463.25,4599.75,1597.5,6069.75,344.0,646.75,0.0,558.25,367.25,363.0,0.0,1658.75,1355.5,328.5,44131.25
2005-08-07 15:00:00,150.5,3095.25,1791.25,666.75,2826.75,1132.0,338.25,183.5,196.5,1267.25,471.0,279.5,3424.75,452.5,374.5,197.5,498.0,1147.0,9296.75,235.75,424.0,229.75,184.25,497.5,185.0,0.0,2718.75,2425.75,2840.75,3727.75,1345.75,4810.75,1934.0,3550.0,392.0,853.5,0.0,587.75,350.25,459.75,124.25,1193.5,1187.5,370.5,51242.5
2005-08-07 16:00:00,180.5,3027.25,2080.25,1552.75,3625.0,6186.5,234.5,220.25,182.75,1488.5,431.75,284.0,644.0,2701.0,199.0,368.0,758.75,3069.0,3127.75,363.5,375.5,124.0,296.25,1932.0,138.75,3773.0,3236.0,2757.5,3302.0,6299.25,3518.75,6995.0,1790.5,7019.0,421.75,971.5,0.0,505.5,234.25,1195.0,172.75,1419.25,595.0,471.0,66618.0
2005-08-07 17:00:00,1021.25,2757.75,1834.5,1672.75,3148.75,4963.5,2973.0,782.5,163.75,1662.0,444.0,396.75,552.5,1619.25,1476.0,6042.75,1014.5,1504.5,7257.75,210.0,532.0,138.75,677.0,1541.5,173.5,1599.5,2374.75,4083.75,2246.0,6164.75,2079.5,6428.75,2116.5,9913.25,452.0,1265.0,0.0,544.5,305.0,1677.25,243.25,3169.5,308.25,390.75,82213.25
2005-08-07 18:00:00,420.0,2906.25,2408.5,2606.0,2840.0,5096.5,598.25,1557.5,348.75,3125.75,430.75,1895.25,566.25,1568.25,4454.25,760.25,2954.75,961.0,939.75,311.75,396.25,132.5,276.75,925.5,223.25,5407.0,4474.75,3067.0,3467.0,5677.0,1720.75,6825.75,4960.75,6384.75,432.25,2611.75,0.0,609.25,166.25,906.5,93.75,2004.25,1657.5,392.0,75748.25
2005-08-07 19:00:00,387.0,2707.0,1919.0,1848.5,775.75,1659.75,728.5,1046.0,437.25,2057.5,425.75,1105.25,1247.25,1607.75,815.0,611.25,1247.0,4026.5,858.0,404.25,421.25,119.75,984.25,967.5,187.25,11196.0,3490.5,3596.0,2756.25,5262.0,2307.75,5332.25,4138.75,6317.25,5386.25,3211.25,0.0,1232.5,743.5,696.75,284.5,1266.5,1775.25,349.75,70712.25
2005-08-07 20:00:00,474.5,4371.0,1812.5,682.0,1211.5,2239.0,1080.75,659.0,1767.0,1147.0,801.75,795.25,833.0,398.75,1291.25,918.5,1652.75,3243.0,392.25,256.0,462.75,158.0,1924.75,1099.5,244.5,14721.75,3646.5,2649.75,2886.25,5069.25,2259.25,6617.5,1978.5,4880.75,2152.5,656.25,49.0,1783.75,184.25,439.25,298.75,1731.0,318.25,407.75,61394.0
2005-08-07 21:00:00,178.5,3765.25,1644.0,601.75,715.5,2331.75,2596.5,233.5,1528.25,716.5,956.75,413.25,577.75,363.0,325.5,601.75,1309.75,1410.5,179.0,296.75,403.5,262.25,282.75,790.25,220.5,11199.25,2438.5,3117.0,2637.25,4428.5,1503.5,6269.25,2165.5,6434.75,1483.5,636.5,626.0,1562.75,304.25,546.0,304.0,1097.75,310.75,369.25,52818.0
2005-08-07 22:00:00,224.25,2711.5,1362.25,371.0,3798.25,3036.25,727.0,184.75,260.5,658.25,890.25,238.75,624.5,161.25,324.75,279.0,708.25,275.75,194.75,214.0,537.5,264.5,155.75,1136.75,241.75,8226.5,1606.75,1903.25,2871.0,3124.0,880.25,5751.5,1115.25,5309.25,548.5,448.75,556.0,591.25,234.25,386.5,299.0,660.5,148.0,407.25,38490.0
2005-08-07 23:00:00,231.25,2250.5,1280.75,322.5,2148.0,1943.75,1470.5,222.0,217.25,511.25,568.0,212.5,677.25,191.5,267.0,286.0,193.0,299.25,279.0,185.5,422.25,167.75,157.75,491.75,178.25,14181.75,1517.0,1393.0,1431.0,2616.75,588.75,5112.5,1054.5,3179.75,499.25,452.75,800.5,616.25,314.0,379.25,386.0,937.5,220.5,414.0,31884.5
2005-08-16 00:00:00,233.5,2517.75,1225.25,225.25,210.0,1043.75,205.25,243.75,176.5,523.0,739.25,227.25,1388.5,174.5,190.0,371.75,193.0,159.75,290.0,239.25,613.0,174.5,200.25,448.0,432.0,2619.0,1391.75,1287.75,1625.75,3654.5,746.75,4874.5,784.5,2471.0,327.0,365.0,786.25,467.75,231.25,247.5,431.5,710.5,175.5,607.25,30225.5
2005-08-16 01:00:00,223.5,2253.5,970.75,262.0,224.25,1085.0,213.0,182.25,188.75,533.0,773.25,241.0,1538.0,184.5,299.0,308.5,205.25,196.5,232.0,160.5,474.75,160.75,210.75,538.5,303.5,3671.0,1176.0,913.75,1018.75,2656.0,638.75,4615.0,879.0,2379.75,508.0,492.25,1160.25,619.5,301.25,335.0,543.0,728.5,290.25,637.5,28430.0
2005-08-16 02:00:00,264.25,2342.75,1072.75,205.5,319.0,1056.25,275.75,180.25,180.25,513.75,740.75,195.0,1441.25,180.25,330.5,290.0,188.0,250.75,213.75,209.25,673.25,208.5,188.25,499.5,251.75,3308.0,1133.25,1226.5,1284.0,2783.5,509.25,4749.0,827.75,2413.0,347.75,369.5,1020.5,506.75,195.25,275.75,448.0,1016.25,175.25,660.5,28786.0
2005-08-16 03:00:00,251.0,3037.0,1046.75,228.25,347.75,967.0,314.0,233.75,170.0,504.0,736.25,182.75,1146.0,160.75,245.5,531.25,230.0,282.0,245.5,236.0,443.25,187.0,182.5,427.5,264.5,6676.25,1410.5,1886.25,2622.5,4198.0,751.5,4623.0,746.75,2237.25,329.0,419.25,767.75,544.75,257.25,333.0,393.75,859.75,239.75,530.5,31209.25
2005-08-16 04:00:00,386.75,1958.5,1196.25,388.75,393.25,1022.75,155.0,193.25,165.25,479.25,673.0,263.0,1426.0,152.0,252.75,227.0,353.5,1184.25,442.25,228.25,593.5,413.0,170.0,633.0,187.0,10980.5,1569.75,962.75,1278.75,2991.75,530.25,4678.0,806.0,2436.0,369.75,359.5,875.5,445.5,173.75,241.0,331.25,1037.5,147.0,540.5,30121.0
2005-08-16 05:00:00,189.75,1943.0,1621.0,601.25,705.5,2514.25,195.25,390.0,158.25,567.5,693.75,369.75,1168.25,516.25,231.25,592.25,578.5,1785.0,310.5,184.5,402.5,231.5,150.5,419.75,201.0,4957.25,1876.75,1153.25,1647.0,3604.75,683.75,6367.25,2452.0,2409.25,422.25,509.5,260.5,2260.5,341.25,473.0,0.0,879.25,305.5,530.0,39820.0
2005-08-16 06:00:00,328.0,2173.25,2128.25,1343.0,1462.75,1115.5,430.25,198.5,339.75,536.25,717.25,273.75,954.25,186.0,411.0,219.75,309.0,2162.25,211.75,399.25,540.25,140.25,227.0,433.0,194.0,10918.75,2744.75,1185.0,1791.5,4913.25,868.5,4912.5,1019.0,3307.75,285.75,333.5,0.0,888.0,184.5,335.25,0.0,876.0,119.0,500.75,37986.25
2005-08-16 07:00:00,1570.5,1906.0,1410.75,676.75,839.25,17652.75,200.0,160.75,246.5,466.25,543.5,161.25,1031.75,145.75,351.5,246.0,166.25,1083.25,132.25,244.25,333.75,128.75,237.0,333.5,254.0,0.0,3418.25,1073.0,2764.25,6531.0,660.75,9620.75,1113.5,7219.25,285.25,469.75,0.0,754.75,317.5,356.25,0.0,784.0,204.0,324.25,62364.75
2005-08-16 08:00:00,247.5,3226.5,1036.0,266.25,174.75,14147.25,426.0,384.5,228.5,638.75,714.25,190.75,1039.0,396.5,1970.5,246.0,180.75,453.25,141.75,194.75,434.0,136.5,204.0,408.0,265.25,0.0,1156.0,1623.0,2072.25,2935.25,473.5,9655.5,1943.75,8301.5,420.25,346.0,0.0,2463.25,200.25,321.75,0.0,1457.5,490.5,365.5,59011.0
2005-08-16 09:00:00,191.75,4029.0,1103.0,268.5,372.75,13983.0,497.5,845.5,226.25,1418.5,755.0,183.25,769.75,131.25,346.5,186.5,122.25,1834.5,224.25,223.25,324.25,110.5,340.0,360.75,1028.0,0.0,1209.75,2288.25,1157.75,4157.5,655.75,8241.25,1368.5,7288.75,290.75,518.25,0.0,1300.75,274.25,305.5,0.0,1889.0,987.25,275.25,59340.25
2005-08-16 10:00:00,1062.75,2902.25,1095.25,348.0,473.25,14395.25,355.75,4158.5,219.0,986.5,675.75,229.25,837.0,720.75,276.25,249.5,163.5,600.25,354.0,289.5,384.25,130.5,309.25,642.5,715.5,0.0,1476.75,1928.25,976.25,3590.5,800.75,8312.75,1411.5,6707.25,273.75,638.5,0.0,939.75,401.0,254.75,0.0,966.5,729.25,246.5,59830.5
2005-08-16 11:00:00,1634.25,1903.25,1262.0,256.5,863.75,8401.75,252.0,694.5,374.5,468.0,816.25,224.25,910.75,645.25,278.5,292.25,161.75,527.5,355.75,171.75,366.0,194.0,455.0,936.5,208.5,0.0,1516.5,1601.0,991.0,3210.5,841.0,6493.75,1673.25,5046.25,647.25,585.25,0.0,812.75,297.75,365.5,0.0,1147.5,448.75,336.25,45990.75
2005-08-16 12:00:00,2015.25,1926.75,1248.0,323.5,1479.0,4680.75,180.0,188.0,212.75,366.25,1253.0,274.0,634.75,403.75,229.75,185.75,180.0,422.5,216.75,335.25,398.5,127.25,165.75,793.25,226.75,0.0,1381.25,1234.25,1050.25,2601.5,604.25,5587.0,1122.5,3642.5,270.0,1035.25,0.0,1317.5,936.75,269.0,0.0,1595.75,369.5,275.75,38648.75
2005-08-16 13:00:00,3486.5,1936.75,1360.5,413.25,246.75,4253.75,146.5,190.25,205.5,389.5,1394.5,304.75,815.5,611.0,268.0,244.0,707.25,517.5,214.25,332.0,364.75,117.5,143.75,434.0,206.0,0.0,1558.0,1177.25,1187.75,2949.25,648.0,5500.75,1158.25,3467.25,275.5,1074.5,0.0,1628.25,1365.25,269.0,0.0,749.0,344.5,251.5,40923.5
2005-08-16 14:00:00,642.25,2530.0,1551.5,647.0,1122.0,2082.75,196.0,189.75,203.5,446.5,959.0,370.25,2062.75,137.25,338.75,185.25,216.75,504.5,249.25,176.25,382.75,131.75,149.5,353.25,294.25,0.0,2268.25,1346.25,2153.75,4208.75,859.75,4772.0,1366.0,3420.5,315.5,1075.25,0.0,1816.25,1013.75,282.75,0.0,591.0,332.25,274.75,38408.0
2005-08-16 15:00:00,197.5,2621.5,1952.25,815.5,387.5,1853.75,191.0,183.25,312.5,546.5,857.0,439.25,1340.75,150.75,328.0,308.25,219.5,747.25,625.25,223.75,490.25,151.75,190.0,480.5,412.5,5462.0,4312.0,1346.0,3158.0,6906.0,1474.5,5124.25,1502.25,3457.5,323.0,624.25,0.0,1195.0,390.5,318.5,0.0,981.25,212.75,502.25,43783.25
2005-08-16 16:00:00,337.75,2161.75,3285.25,2992.25,3390.75,2345.0,184.25,1151.5,391.25,1676.75,1073.25,414.75,800.0,233.75,297.5,385.5,673.75,945.0,577.75,205.25,412.0,139.75,174.5,569.75,316.0,0.0,8169.25,3376.75,2670.25,9050.75,1707.75,5675.25,4555.5,6497.0,380.0,2051.5,0.0,1377.25,475.0,1641.0,86.25,4787.0,434.0,434.25,71531.25
2005-08-16 17:00:00,662.25,7294.5,1741.5,780.5,7729.5,3579.25,245.75,235.5,987.25,907.0,1465.25,651.75,1763.25,1453.75,1088.75,863.25,678.75,1967.75,398.5,300.5,491.75,143.25,264.25,605.75,231.75,0.0,3417.75,3629.5,7493.25,7078.25,2370.0,6904.25,3596.75,8220.5,330.5,1619.75,0.0,5873.25,984.0,1247.5,116.5,3245.5,328.75,687.75,77019.75
2005-08-16 18:00:00,642.25,5971.75,2039.75,1305.25,5119.75,2798.75,914.75,171.75,549.5,1498.25,1033.75,769.0,782.75,458.75,1018.5,1083.0,948.0,3081.0,268.75,366.75,364.5,131.75,218.75,845.75,951.25,0.0,4311.25,5591.75,5928.5,10691.75,1699.75,6333.25,4130.75,11633.25,365.5,1988.25,0.0,4008.0,1038.25,1499.5,0.0,847.75,403.75,454.75,82258.5
2005-08-16 19:00:00,843.5,5190.75,2467.5,1139.25,1241.25,3139.25,1020.25,185.0,474.5,1208.75,1239.75,823.25,764.5,396.0,389.25,904.75,1041.5,2939.5,279.75,384.75,523.0,214.75,207.5,1047.0,2076.0,1743.0,3325.5,4866.25,3682.75,12024.5,2498.75,7084.0,3232.25,10750.0,279.75,1238.0,0.0,2620.0,577.25,719.25,274.0,1228.75,441.25,1419.0,80288.75
2005-08-16 20:00:00,645.5,5539.0,2828.5,901.5,3669.75,3534.5,942.0,539.25,400.75,2248.25,1263.0,490.0,514.75,336.0,543.5,409.25,893.0,1391.25,351.0,277.75,373.0,303.5,171.5,1315.0,454.5,4186.25,3484.0,4261.25,7013.25,8568.0,2252.75,8329.75,2787.5,4932.25,1273.75,1204.5,109.25,2101.25,524.0,532.0,232.5,1338.5,409.5,646.75,68501.75
2005-08-16 21:00:00,249.25,2523.75,2314.25,864.5,4063.25,2774.0,1918.0,2213.25,327.5,1438.25,1356.0,290.5,593.75,159.0,895.25,318.0,709.0,1399.5,310.0,229.5,575.5,197.25,165.5,566.25,307.75,4016.25,2742.5,2568.0,2092.0,5277.0,1315.5,6237.0,2072.5,5618.25,745.0,932.5,487.5,1080.75,294.25,374.25,275.5,1047.25,356.75,422.5,53095.25
2005-08-16 22:00:00,211.0,2311.0,1985.5,567.0,1865.25,2846.25,877.75,546.25,158.0,833.5,1264.75,208.5,490.25,157.75,373.0,238.0,360.25,607.75,282.0,248.75,398.25,135.75,161.75,411.5,404.75,3243.75,2287.5,1547.75,4403.25,4353.25,775.25,5376.0,1409.25,9067.0,490.25,596.25,444.75,644.5,189.0,342.25,261.0,697.25,164.0,394.0,44090.75
2005-08-16 23:00:00,173.0,1802.25,1152.25,213.75,463.5,1947.5,849.25,511.0,150.5,541.75,2029.25,193.5,460.0,156.5,987.5,235.75,284.0,200.0,222.0,176.0,512.0,145.0,291.75,379.75,167.0,260.25,1430.25,1067.5,3354.5,2774.0,1099.5,4955.75,976.0,6911.0,347.0,480.75,213.5,600.0,237.0,293.75,160.0,472.0,213.25,350.5,35625.75
